YMS, HM, Used
20180501, 100.000000, 0.095000
20180501, 115.000000, 0.057000
20180501, 130.000000, 0.087000
20180501, 230.000000, 0.081000
20180501, 145.000000, 0.082000
20180501, 245.000000, 0.063000
20180501, 200.000000, 0.062000
20180501, 269.580084, 0.090000
20180501, 300.000000, 0.086000
20180501, 430.000000, 0.089000
20180501, 294.667663, 0.072861
20180501, 330.000000, 0.073000
20180501, 345.000000, 0.076621
20180501, 400.000000, 0.063000
20180501, 415.000000, 0.090685
20180501, 445.000000, 0.056000
20180501, 500.000000, 0.089000
20180501, 545.000000, 0.102000
20180501, 630.000000, 0.221000
20180501, 530.000000, 0.060000
20180501, 615.000000, 0.084000
20180501, 615.000000, 0.199000
20180501, 615.000000, 0.222000
20180501, 715.000000, 0.195000
20180501, 715.000000, 0.126000
20180501, 745.000000, 0.112000
20180501, 730.000000, 0.128000
20180501, 730.000000, 0.112000
20180501, 815.000000, 0.073000
20180501, 830.000000, 0.088000
20180501, 830.000000, 0.228000
20180501, 900.000000, 0.136000
20180501, 600.000000, 0.158000
20180501, 945.000000, 0.158000
20180501, 915.000000, 0.118000
20180501, 1000.000000, 0.136000
20180501, 1030.000000, 0.137000
20180501, 1100.000000, 0.137000
20180501, 1100.000000, 0.170000
20180501, 1045.000000, 0.103000
20180501, 1130.000000, 0.110000
20180501, 1145.000000, 0.094000
20180501, 1200.000000, 0.114000
20180501, 1215.000000, 0.109000
20180501, 1200.000000, 0.132000
20180501, 1230.000000, 0.119000
20180501, 1315.000000, 0.114000
20180501, 1245.000000, 0.115000
20180501, 1330.000000, 0.094000
20180501, 1430.000000, 0.148000
20180501, 1430.000000, 0.097000
20180501, 1400.000000, 0.139000
20180501, 1400.000000, 0.139000
20180501, 1345.000000, 0.146000
20180501, 1415.000000, 0.154000
20180501, 1500.000000, 0.114000
20180501, 1530.000000, 0.130000
20180501, 1545.000000, 0.415000
20180501, 1600.000000, 0.381000
20180501, 1615.000000, 0.381000
20180501, 1615.000000, 0.406000
20180501, 1645.000000, 0.108000
20180501, 1700.000000, 0.108000
20180501, 1700.000000, 0.115000
20180501, 1845.000000, 0.131000
20180501, 1745.000000, 0.171000
20180501, 1900.000000, 0.123000
20180501, 1900.000000, 0.124000
20180501, 1815.000000, 0.137000
20180501, 1830.000000, 0.151000
20180501, 1830.000000, 0.155000
20180501, 1915.000000, 0.111000
20180501, 1915.000000, 0.111000
20180501, 1945.000000, 0.107000
20180501, 2030.000000, 0.173000
20180501, 2030.000000, 0.113000
20180501, 2045.000000, 0.116000
20180501, 2100.000000, 0.130000
20180501, 2130.000000, 0.113000
20180501, 2115.000000, 0.137000
20180501, 2145.000000, 0.137000
20180501, 2215.000000, 0.134000
20180501, 2200.000000, 0.131000
20180501, 2230.000000, 0.125000
20180501, 2245.000000, 0.138000
20180501, 2245.000000, 0.131000
20180501, 2300.000000, 0.146000
20180501, 2345.000000, 0.123000
20180501, 2315.000000, 0.126000
20180501, 2400.000000, 0.126000
20180502, 15.000000, 0.094000
20180502, 15.000000, 0.071000
20180502, 45.000000, 0.093000
20180502, 45.000000, 0.097000
20180502, 130.000000, 0.090000
20180502, 130.000000, 0.090000
20180502, 145.000000, 0.087000
20180502, 115.000000, 0.087000
20180502, 215.000000, 0.092000
20180502, 230.000000, 0.092000
20180502, 245.000000, 0.070000
20180502, 245.000000, 0.070000
20180502, 300.000000, 0.062000
20180502, 330.000000, 0.085000
20180502, 330.000000, 0.086000
20180502, 400.000000, 0.055000
20180502, 400.000000, 0.091000
20180502, 430.000000, 0.135000
20180502, 430.000000, 0.113000
20180502, 600.000000, 0.147000
20180502, 600.000000, 0.133000
20180502, 515.000000, 0.110000
20180502, 530.000000, 0.133000
20180502, 545.000000, 0.156000
20180502, 545.000000, 0.226000
20180502, 630.000000, 0.228000
20180502, 630.000000, 0.257000
20180502, 700.000000, 0.196000
20180502, 715.000000, 0.217000
20180502, 715.000000, 0.114000
20180502, 730.000000, 0.114000
20180502, 730.000000, 0.094000
20180502, 815.000000, 0.112000
20180502, 915.000000, 0.104000
20180502, 830.000000, 0.097000
20180502, 845.000000, 0.104000
20180502, 900.000000, 0.114000
20180502, 930.000000, 0.114000
20180502, 945.000000, 0.128000
20180502, 945.000000, 0.098000
20180502, 1030.000000, 0.097000
20180502, 1100.000000, 0.220000
20180502, 1045.000000, 0.220000
20180502, 1045.000000, 0.076000
20180502, 1015.000000, 0.116000
20180502, 1115.000000, 0.116000
20180502, 1145.000000, 0.103000
20180502, 1215.000000, 0.095000
20180502, 1215.000000, 0.095000
20180502, 1200.000000, 0.139000
20180502, 1245.000000, 0.139000
20180502, 1300.000000, 0.066000
20180502, 1315.000000, 0.081000
20180502, 1330.000000, 0.092000
20180502, 1345.000000, 0.092000
20180502, 1345.000000, 0.138000
20180502, 1400.000000, 0.083000
20180502, 1430.000000, 0.172000
20180502, 1445.000000, 0.200000
20180502, 1530.000000, 0.120000
20180502, 1515.000000, 0.086000
20180502, 1500.000000, 0.142000
20180502, 1600.000000, 0.635000
20180502, 1615.000000, 0.252000
20180502, 1545.000000, 0.504000
20180502, 1545.000000, 0.153000
20180502, 2115.000000, 0.141000
20180502, 1645.000000, 0.416000
20180502, 1700.000000, 0.412000
20180502, 1715.000000, 0.412000
20180502, 1700.000000, 0.137000
20180502, 1745.000000, 0.118000
20180502, 1800.000000, 0.116000
20180502, 1800.000000, 0.072000
20180502, 1830.000000, 0.115000
20180502, 1845.000000, 0.084000
20180502, 1900.000000, 0.084000
20180502, 1915.000000, 0.094000
20180502, 1930.000000, 0.069000
20180502, 1945.000000, 0.094000
20180502, 2000.000000, 0.104000
20180502, 2015.000000, 0.104000
20180502, 2030.000000, 0.147000
20180502, 2045.000000, 0.162000
20180502, 2100.000000, 0.261000
20180502, 2130.000000, 0.114000
20180502, 2145.000000, 0.117000
20180502, 2200.000000, 0.131000
20180502, 2215.000000, 0.100000
20180502, 2230.000000, 0.132000
20180502, 2245.000000, 0.104000
20180502, 2245.000000, 0.096000
20180502, 2315.000000, 0.112000
20180502, 2330.000000, 0.083000
20180502, 2345.000000, 0.117000
20180502, 2330.000000, 0.087000
20180502, 15.000000, 0.108000
20180503, 30.000000, 0.108000
20180503, 30.000000, 0.062000
20180503, 45.000000, 0.085000
20180503, 115.000000, 0.049000
20180503, 130.000000, 0.085000
20180503, 145.000000, 0.053000
20180503, 200.000000, 0.087000
20180503, 115.000000, 0.085000
20180503, 215.000000, 0.057000
20180503, 245.000000, 0.066000
20180503, 300.000000, 0.075000
20180503, 315.000000, 0.107000
20180503, 330.000000, 0.088000
20180503, 345.000000, 0.102000
20180503, 400.000000, 0.080000
20180503, 415.000000, 0.116000
20180503, 430.000000, 0.084000
20180503, 430.000000, 0.115000
20180503, 500.000000, 0.071000
20180503, 515.000000, 0.071000
20180503, 530.000000, 0.069000
20180503, 545.000000, 0.336000
20180503, 600.000000, 0.292000
20180503, 615.000000, 0.183000
20180503, 615.000000, 0.207000
20180503, 645.000000, 0.248000
20180503, 700.000000, 0.303000
20180503, 715.000000, 0.243000
20180503, 730.000000, 0.117000
20180503, 745.000000, 0.143000
20180503, 745.000000, 0.182000
20180503, 815.000000, 0.146000
20180503, 830.000000, 0.171000
20180503, 845.000000, 0.125000
20180503, 900.000000, 0.148000
20180503, 915.000000, 0.130000
20180503, 930.000000, 0.109000
20180503, 945.000000, 0.109000
20180503, 1000.000000, 0.098000
20180503, 1015.000000, 0.098000
20180503, 1030.000000, 0.101000
20180503, 1030.000000, 0.112000
20180503, 1045.000000, 0.107000
20180503, 1115.000000, 0.118000
20180503, 1130.000000, 0.290000
20180503, 1130.000000, 0.242000
20180503, 1145.000000, 0.274000
20180503, 1215.000000, 0.185000
20180503, 1215.000000, 0.094000
20180503, 1245.000000, 0.147000
20180503, 1300.000000, 0.122000
20180503, 1315.000000, 0.165000
20180503, 1330.000000, 0.165000
20180503, 1345.000000, 0.157000
20180503, 1400.000000, 0.139000
20180503, 1415.000000, 0.108000
20180503, 1430.000000, 0.144000
20180503, 1430.000000, 0.111000
20180503, 1500.000000, 0.140000
20180503, 1515.000000, 0.115000
20180503, 1530.000000, 0.103000
20180503, 1545.000000, 0.103000
20180503, 1545.000000, 0.280000
20180503, 1600.000000, 0.280000
20180503, 1630.000000, 0.166000
20180503, 1645.000000, 0.082000
20180503, 1700.000000, 0.096000
20180503, 1700.000000, 0.108000
20180503, 1730.000000, 0.180000
20180503, 1745.000000, 0.180000
20180503, 1800.000000, 0.253000
20180503, 1815.000000, 0.286000
20180503, 1815.000000, 0.258000
20180503, 1845.000000, 0.306000
20180503, 1900.000000, 0.291000
20180503, 1915.000000, 0.256000
20180503, 1930.000000, 0.256000
20180503, 1945.000000, 0.122000
20180503, 2000.000000, 0.128000
20180503, 2015.000000, 0.141000
20180503, 2030.000000, 0.141000
20180503, 2045.000000, 0.128000
20180503, 2100.000000, 0.149000
20180503, 2115.000000, 0.161000
20180503, 2130.000000, 0.145000
20180503, 2145.000000, 0.159000
20180503, 2200.000000, 0.159000
20180503, 2215.000000, 0.119000
20180503, 2230.000000, 0.124000
20180503, 2245.000000, 0.124000
20180503, 2300.000000, 0.126000
20180503, 2315.000000, 0.092000
20180503, 2315.000000, 0.092000
20180503, 2345.000000, 0.121000
20180503, 2400.000000, 0.115000
20180504, 15.000000, 0.105000
20180504, 30.000000, 0.104000
20180504, 30.000000, 0.115000
20180504, 100.000000, 0.094000
20180504, 115.000000, 0.121000
20180504, 130.000000, 0.088000
20180504, 145.000000, 0.121000
20180504, 200.000000, 0.088000
20180504, 215.000000, 0.121000
20180504, 230.000000, 0.088000
20180504, 245.000000, 0.121000
20180504, 300.000000, 0.121000
20180504, 315.000000, 0.119000
20180504, 330.000000, 0.088000
20180504, 345.000000, 0.119000
20180504, 400.000000, 0.090000
20180504, 415.000000, 0.118000
20180504, 430.000000, 0.089000
20180504, 445.000000, 0.119000
20180504, 445.000000, 0.090000
20180504, 515.000000, 0.122000
20180504, 530.000000, 0.094000
20180504, 545.000000, 0.341000
20180504, 545.000000, 0.496000
20180504, 615.000000, 0.557000
20180504, 630.000000, 0.290000
20180504, 645.000000, 0.272000
20180504, 700.000000, 0.272000
20180504, 715.000000, 0.260000
20180504, 730.000000, 0.208000
20180504, 745.000000, 0.122000
20180504, 800.000000, 0.122000
20180504, 815.000000, 0.151000
20180504, 830.000000, 0.161000
20180504, 845.000000, 0.156000
20180504, 900.000000, 0.175000
20180504, 915.000000, 0.160000
20180504, 930.000000, 0.141000
20180504, 945.000000, 0.066000
20180504, 1000.000000, 0.074000
20180504, 1015.000000, 0.063000
20180504, 1030.000000, 0.084000
20180504, 1045.000000, 0.084000
20180504, 1100.000000, 0.199000
20180504, 1115.000000, 0.234000
20180504, 1130.000000, 0.230000
20180504, 1145.000000, 0.243000
20180504, 1200.000000, 0.230000
20180504, 1215.000000, 0.096000
20180504, 1230.000000, 0.067000
20180504, 1245.000000, 0.128000
20180504, 1245.000000, 0.153000
20180504, 1315.000000, 0.138000
20180504, 1315.000000, 0.159000
20180504, 1330.000000, 0.049000
20180504, 1400.000000, 0.077000
20180504, 1415.000000, 0.047000
20180504, 1430.000000, 0.081000
20180504, 1445.000000, 0.064000
20180504, 1445.000000, 0.069000
20180504, 1515.000000, 0.070000
20180504, 1530.000000, 0.070000
20180504, 1545.000000, 0.072000
20180504, 1600.000000, 0.052000
20180504, 1615.000000, 0.315000
20180504, 1630.000000, 0.315000
20180504, 1645.000000, 0.093000
20180504, 1645.000000, 0.148000
20180504, 1715.000000, 0.190000
20180504, 1730.000000, 0.187000
20180504, 1800.000000, 0.185000
20180504, 1800.000000, 0.160000
20180504, 1815.000000, 0.214000
20180504, 1830.000000, 0.204000
20180504, 1845.000000, 0.206000
20180504, 1845.000000, 0.204000
20180504, 1915.000000, 0.286000
20180504, 1915.000000, 0.192000
20180504, 1945.000000, 0.201000
20180504, 2000.000000, 0.211000
20180504, 2015.000000, 0.189000
20180504, 2030.000000, 0.207000
20180504, 2030.000000, 0.207000
20180504, 2100.000000, 0.090000
20180504, 2115.000000, 0.090000
20180504, 2130.000000, 0.141000
20180504, 2145.000000, 0.123000
20180504, 2200.000000, 0.129000
20180504, 2215.000000, 0.142000
20180504, 2230.000000, 0.108000
20180504, 2230.000000, 0.108000
20180504, 2300.000000, 0.117000
20180504, 2315.000000, 0.135000
20180504, 2330.000000, 0.134000
20180504, 2400.000000, 0.132000
20180504, 2345.000000, 0.111000
20180505, 15.000000, 0.105000
20180505, 30.000000, 0.105000
20180505, 45.000000, 0.106000
20180505, 100.000000, 0.132000
20180505, 115.000000, 0.110000
20180505, 130.000000, 0.130000
20180505, 145.000000, 0.120000
20180505, 200.000000, 0.123000
20180505, 215.000000, 0.123000
20180505, 215.000000, 0.115000
20180505, 245.000000, 0.129000
20180505, 315.000000, 0.133000
20180505, 315.000000, 0.112000
20180505, 330.000000, 0.103000
20180505, 345.000000, 0.134000
20180505, 345.000000, 0.104000
20180505, 415.000000, 0.137000
20180505, 430.000000, 0.137000
20180505, 445.000000, 0.102000
20180505, 500.000000, 0.105000
20180505, 515.000000, 0.139000
20180505, 530.000000, 0.107000
20180505, 545.000000, 0.107000
20180505, 600.000000, 0.105000
20180505, 615.000000, 0.180000
20180505, 630.000000, 0.150000
20180505, 645.000000, 0.150000
20180505, 700.000000, 0.177000
20180505, 715.000000, 0.243000
20180505, 730.000000, 0.305000
20180505, 715.000000, 0.206000
20180505, 800.000000, 0.206000
20180505, 815.000000, 0.201000
20180505, 815.000000, 0.067000
20180505, 830.000000, 0.067000
20180505, 900.000000, 0.055000
20180505, 915.000000, 0.033000
20180505, 930.000000, 0.058000
20180505, 945.000000, 0.058000
20180505, 945.000000, 0.058000
20180505, 1015.000000, 0.028000
20180505, 1030.000000, 0.044000
20180505, 1030.000000, 0.057000
20180505, 1100.000000, 0.028000
20180505, 1115.000000, 0.057000
20180505, 1130.000000, 0.039000
20180505, 1130.000000, 0.049000
20180505, 1130.000000, 0.058000
20180505, 1215.000000, 0.029000
20180505, 1230.000000, 0.058000
20180505, 1230.000000, 0.034000
20180505, 1300.000000, 0.052000
20180505, 1315.000000, 0.057000
20180505, 1245.000000, 0.030000
20180505, 1330.000000, 0.030000
20180505, 1400.000000, 0.036000
20180505, 1415.000000, 0.050000
20180505, 1430.000000, 0.058000
20180505, 1445.000000, 0.029000
20180505, 1500.000000, 0.058000
20180505, 1515.000000, 0.041000
20180505, 1530.000000, 0.045000
20180505, 1545.000000, 0.058000
20180505, 1600.000000, 0.029000
20180505, 1600.000000, 0.029000
20180505, 1630.000000, 0.050000
20180505, 1645.000000, 0.039000
20180505, 1700.000000, 0.060000
20180505, 1715.000000, 0.050000
20180505, 1730.000000, 0.060000
20180505, 1745.000000, 0.055000
20180505, 1800.000000, 0.033000
20180505, 1815.000000, 0.059000
20180505, 1830.000000, 0.059000
20180505, 1815.000000, 0.050000
20180505, 1900.000000, 0.057000
20180505, 1915.000000, 0.028000
20180505, 1930.000000, 0.057000
20180505, 1945.000000, 0.043000
20180505, 2000.000000, 0.043000
20180505, 2015.000000, 0.042000
20180505, 2015.000000, 0.028000
20180505, 2045.000000, 0.057000
20180505, 2100.000000, 0.048000
20180505, 2045.000000, 0.037000
20180505, 2130.000000, 0.057000
20180505, 2145.000000, 0.033000
20180505, 2200.000000, 0.052000
20180505, 2215.000000, 0.057000
20180505, 2230.000000, 0.028000
20180505, 2245.000000, 0.056000
20180505, 2300.000000, 0.045000
20180505, 2300.000000, 0.039000
20180505, 2330.000000, 0.057000
20180505, 2400.000000, 0.057000
20180505, 2345.000000, 0.039000
20180506, 15.000000, 0.056000
20180505, 15.000000, 0.030000
20180506, 30.000000, 0.030000
20180506, 100.000000, 0.036000
20180506, 115.000000, 0.051000
20180506, 115.000000, 0.051000
20180506, 145.000000, 0.030000
20180506, 200.000000, 0.058000
20180506, 215.000000, 0.035000
20180506, 230.000000, 0.035000
20180506, 245.000000, 0.058000
20180506, 300.000000, 0.029000
20180506, 315.000000, 0.029000
20180506, 330.000000, 0.033000
20180506, 345.000000, 0.053000
20180506, 400.000000, 0.053000
20180506, 415.000000, 0.031000
20180506, 430.000000, 0.031000
20180506, 430.000000, 0.057000
20180506, 500.000000, 0.052000
20180506, 515.000000, 0.058000
20180506, 530.000000, 0.031000
20180506, 545.000000, 0.031000
20180506, 600.000000, 0.031000
20180506, 615.000000, 0.057000
20180506, 615.000000, 0.050000
20180506, 645.000000, 0.037000
20180506, 700.000000, 0.037000
20180506, 715.000000, 0.059000
20180506, 730.000000, 0.029000
20180506, 745.000000, 0.058000
20180506, 800.000000, 0.043000
20180506, 800.000000, 0.045000
20180506, 830.000000, 0.029000
20180506, 845.000000, 0.059000
20180506, 900.000000, 0.035000
20180506, 915.000000, 0.053000
20180506, 930.000000, 0.053000
20180506, 945.000000, 0.035000
20180506, 1000.000000, 0.059000
20180506, 1015.000000, 0.029000
20180506, 1030.000000, 0.029000
20180506, 1045.000000, 0.039000
20180506, 1100.000000, 0.050000
20180506, 1100.000000, 0.056000
20180506, 1130.000000, 0.033000
20180506, 1145.000000, 0.059000
20180506, 1130.000000, 0.059000
20180506, 1215.000000, 0.059000
20180506, 1230.000000, 0.059000
20180506, 1245.000000, 0.046000
20180506, 1300.000000, 0.060000
20180506, 1245.000000, 0.060000
20180506, 1315.000000, 0.060000
20180506, 1345.000000, 0.029000
20180506, 1400.000000, 0.060000
20180506, 1400.000000, 0.061000
20180506, 1430.000000, 0.048000
20180506, 1445.000000, 0.048000
20180506, 1445.000000, 0.031000
20180506, 1515.000000, 0.061000
20180506, 1530.000000, 0.029000
20180506, 1545.000000, 0.029000
20180506, 1600.000000, 0.040000
20180506, 1615.000000, 0.048000
20180506, 1615.000000, 0.056000
20180506, 1645.000000, 0.033000
20180506, 1700.000000, 0.060000
20180506, 1715.000000, 0.060000
20180506, 1730.000000, 0.060000
20180506, 1730.000000, 0.032000
20180506, 1800.000000, 0.056000
20180506, 1815.000000, 0.046000
20180506, 1830.000000, 0.043000
20180506, 1830.000000, 0.043000
20180506, 1900.000000, 0.029000
20180506, 1915.000000, 0.058000
20180506, 1930.000000, 0.058000
20180506, 1945.000000, 0.057000
20180506, 2000.000000, 0.034000
20180506, 2015.000000, 0.052000
20180506, 2030.000000, 0.049000
20180506, 2045.000000, 0.036000
20180506, 2100.000000, 0.058000
20180506, 2115.000000, 0.028000
20180506, 2130.000000, 0.058000
20180506, 2145.000000, 0.028000
20180506, 2200.000000, 0.058000
20180506, 2215.000000, 0.040000
20180506, 2230.000000, 0.046000
20180506, 2245.000000, 0.054000
20180506, 2300.000000, 0.032000
20180506, 2315.000000, 0.032000
20180506, 2330.000000, 0.028000
20180506, 2345.000000, 0.058000
20180506, 2400.000000, 0.028000
20180506, 15.000000, 0.029000
20180507, 30.000000, 0.042000
20180507, 45.000000, 0.045000
20180507, 100.000000, 0.053000
20180507, 115.000000, 0.053000
20180507, 130.000000, 0.059000
20180507, 130.000000, 0.029000
20180507, 200.000000, 0.059000
20180507, 215.000000, 0.028000
20180507, 230.000000, 0.058000
20180507, 245.000000, 0.035000
20180507, 300.000000, 0.052000
20180507, 315.000000, 0.052000
20180507, 330.000000, 0.046000
20180507, 345.000000, 0.052000
20180507, 345.000000, 0.030000
20180507, 415.000000, 0.058000
20180507, 415.000000, 0.030000
20180507, 445.000000, 0.030000
20180507, 500.000000, 0.029000
20180507, 515.000000, 0.059000
20180507, 530.000000, 0.040000
20180507, 545.000000, 0.048000
20180507, 600.000000, 0.052000
20180507, 615.000000, 0.035000
20180507, 600.000000, 0.058000
20180507, 645.000000, 0.058000
20180507, 700.000000, 0.059000
20180507, 715.000000, 0.029000
20180507, 700.000000, 0.059000
20180507, 745.000000, 0.029000
20180507, 745.000000, 0.059000
20180507, 815.000000, 0.039000
20180507, 830.000000, 0.050000
20180507, 845.000000, 0.050000
20180507, 900.000000, 0.039000
20180507, 915.000000, 0.059000
20180507, 930.000000, 0.029000
20180507, 945.000000, 0.059000
20180507, 1000.000000, 0.028000
20180507, 1015.000000, 0.028000
20180507, 1030.000000, 0.059000
20180507, 1030.000000, 0.028000
20180507, 1100.000000, 0.037000
20180507, 1115.000000, 0.037000
20180507, 1115.000000, 0.050000
20180507, 1145.000000, 0.039000
20180507, 1200.000000, 0.061000
20180507, 1200.000000, 0.029000
20180507, 1230.000000, 0.029000
20180507, 1245.000000, 0.029000
20180507, 1300.000000, 0.059000
20180507, 1315.000000, 0.031000
20180507, 1330.000000, 0.031000
20180507, 1330.000000, 0.044000
20180507, 1400.000000, 0.044000
20180507, 1415.000000, 0.044000
20180507, 1430.000000, 0.032000
20180507, 1445.000000, 0.032000
20180507, 1500.000000, 0.029000
20180507, 1515.000000, 0.029000
20180507, 1530.000000, 0.031000
20180507, 1545.000000, 0.031000
20180507, 1600.000000, 0.047000
20180507, 1615.000000, 0.041000
20180507, 1630.000000, 0.059000
20180507, 1615.000000, 0.029000
20180507, 1700.000000, 0.059000
20180507, 1715.000000, 0.032000
20180507, 1730.000000, 0.057000
20180507, 1730.000000, 0.057000
20180507, 1800.000000, 0.040000
20180507, 1815.000000, 0.060000
20180507, 1830.000000, 0.060000
20180507, 1845.000000, 0.059000
20180507, 1900.000000, 0.059000
20180507, 1915.000000, 0.058000
20180507, 1930.000000, 0.044000
20180507, 2000.000000, 0.178000
20180507, 1945.000000, 0.043000
20180507, 2015.000000, 0.043000
20180507, 2030.000000, 0.167000
20180507, 2045.000000, 0.100000
20180507, 2115.000000, 0.108000
20180507, 2100.000000, 0.097000
20180507, 2130.000000, 0.073000
20180507, 2130.000000, 0.103000
20180507, 2200.000000, 0.079000
20180507, 2215.000000, 0.144000
20180507, 2230.000000, 0.144000
20180507, 2245.000000, 0.116000
20180507, 2300.000000, 0.116000
20180507, 2300.000000, 0.115000
20180507, 2330.000000, 0.144000
20180507, 2400.000000, 0.076000
20180507, 2345.000000, 0.115000
20180508, 2345.000000, 0.096000
20180508, 30.000000, 0.096000
20180508, 45.000000, 0.096000
20180508, 100.000000, 0.097000
20180508, 115.000000, 0.112000
20180508, 115.000000, 0.109000
20180508, 145.000000, 0.109000
20180508, 200.000000, 0.120000
20180508, 215.000000, 0.092000
20180508, 230.000000, 0.117000
20180508, 245.000000, 0.087000
20180508, 300.000000, 0.119000
20180508, 315.000000, 0.102000
20180508, 315.000000, 0.107000
20180508, 345.000000, 0.107000
20180508, 400.000000, 0.091000
20180508, 400.000000, 0.119000
20180508, 400.000000, 0.090000
20180508, 445.000000, 0.119000
20180508, 430.000000, 0.087000
20180508, 515.000000, 0.117000
20180508, 515.000000, 0.117000
20180508, 545.000000, 0.147000
20180508, 545.000000, 0.147000
20180508, 615.000000, 0.146000
20180508, 630.000000, 0.258000
20180508, 600.000000, 0.232000
20180508, 700.000000, 0.205000
20180508, 715.000000, 0.205000
20180508, 730.000000, 0.143000
20180508, 730.000000, 0.087000
20180508, 800.000000, 0.127000
20180508, 815.000000, 0.075000
20180508, 815.000000, 0.155000
20180508, 845.000000, 0.194000
20180508, 900.000000, 0.214000
20180508, 915.000000, 0.209000
20180508, 930.000000, 0.141000
20180508, 930.000000, 0.148000
20180508, 1000.000000, 0.118000
20180508, 1015.000000, 0.135000
20180508, 1015.000000, 0.101000
20180508, 1045.000000, 0.138000
20180508, 1045.000000, 0.201000
20180508, 1100.000000, 0.201000
20180508, 1100.000000, 0.265000
20180508, 1145.000000, 0.151000
20180508, 1200.000000, 0.151000
20180508, 1200.000000, 0.097000
20180508, 1230.000000, 0.113000
20180508, 1230.000000, 0.212000
20180508, 1300.000000, 0.126000
20180508, 1315.000000, 0.073000
20180508, 1330.000000, 0.084000
20180508, 1345.000000, 0.072000
20180508, 1400.000000, 0.103000
20180508, 1415.000000, 0.149000
20180508, 1430.000000, 0.072000
20180508, 1445.000000, 0.138000
20180508, 1500.000000, 0.102000
20180508, 1515.000000, 0.134000
20180508, 1515.000000, 0.134000
20180508, 1545.000000, 0.127000
20180508, 1600.000000, 0.836000
20180508, 1545.000000, 0.836000
20180508, 1630.000000, 0.103000
20180508, 1645.000000, 0.108000
20180508, 1700.000000, 0.103000
20180508, 1715.000000, 0.092000
20180508, 1730.000000, 0.092000
20180508, 1745.000000, 0.145000
20180508, 1745.000000, 0.135000
20180508, 1800.000000, 0.122000
20180508, 1830.000000, 0.146000
20180508, 1830.000000, 0.114000
20180508, 1900.000000, 0.121000
20180508, 1915.000000, 0.145000
20180508, 1915.000000, 0.134000
20180508, 1945.000000, 0.165000
20180508, 2000.000000, 0.175000
20180508, 2015.000000, 0.185000
20180508, 2030.000000, 0.165000
20180508, 2030.000000, 0.085000
20180508, 2100.000000, 0.090000
20180508, 2100.000000, 0.098000
20180508, 2130.000000, 0.098000
20180508, 2145.000000, 0.075000
20180508, 2200.000000, 0.098000
20180508, 2200.000000, 0.067000
20180508, 2230.000000, 0.097000
20180508, 2245.000000, 0.126000
20180508, 2215.000000, 0.123000
20180508, 2315.000000, 0.096000
20180508, 2330.000000, 0.114000
20180508, 2345.000000, 0.114000
20180508, 2400.000000, 0.095000
20180509, 15.000000, 0.117000
20180509, 30.000000, 0.117000
20180509, 45.000000, 0.091000
20180509, 100.000000, 0.119000
20180509, 115.000000, 0.117000
20180509, 130.000000, 0.091000
20180509, 145.000000, 0.121000
20180509, 200.000000, 0.109000
20180509, 215.000000, 0.100000
20180509, 230.000000, 0.121000
20180509, 245.000000, 0.121000
20180509, 300.000000, 0.114000
20180509, 315.000000, 0.121000
20180509, 330.000000, 0.089000
20180509, 345.000000, 0.121000
20180509, 400.000000, 0.099000
20180509, 415.000000, 0.110000
20180509, 430.000000, 0.120000
20180509, 500.000000, 0.120000
20180509, 515.000000, 0.097000
20180509, 530.000000, 0.118000
20180509, 545.000000, 0.147000
20180509, 600.000000, 0.147000
20180509, 515.000000, 0.228000
20180509, 630.000000, 0.280000
20180509, 645.000000, 0.256000
20180509, 700.000000, 0.261000
20180509, 715.000000, 0.261000
20180509, 730.000000, 0.261000
20180509, 745.000000, 0.165000
20180509, 745.000000, 0.143000
20180509, 815.000000, 0.116000
20180509, 830.000000, 0.128000
20180509, 845.000000, 0.127000
20180509, 900.000000, 0.127000
20180509, 915.000000, 0.127000
20180509, 930.000000, 0.061000
20180509, 945.000000, 0.093000
20180509, 1000.000000, 0.076000
20180509, 1015.000000, 0.073000
20180509, 1030.000000, 0.093000
20180509, 1045.000000, 0.066000
20180509, 1115.000000, 0.092000
20180509, 1115.000000, 0.125000
20180509, 1130.000000, 0.125000
20180509, 1145.000000, 0.117000
20180509, 1200.000000, 0.107000
20180509, 1215.000000, 0.075000
20180509, 1230.000000, 0.107000
20180509, 1245.000000, 0.128000
20180509, 1300.000000, 0.107000
20180509, 1315.000000, 0.138000
20180509, 1330.000000, 0.132000
20180509, 1345.000000, 0.120000
20180509, 1400.000000, 0.148000
20180509, 1415.000000, 0.134000
20180509, 1430.000000, 0.155000
20180509, 1445.000000, 0.147000
20180509, 1500.000000, 0.134000
20180509, 1515.000000, 0.104000
20180509, 445.000000, 0.090000
20180509, 445.000000, 0.090000
20180509, 445.000000, 0.116000
20180509, 1600.000000, 0.288000
20180509, 1600.000000, 0.288000
20180509, 1630.000000, 0.402000
20180509, 1700.000000, 0.202000
20180509, 1645.000000, 0.185000
20180509, 1715.000000, 0.199000
20180509, 1730.000000, 0.182000
20180509, 1745.000000, 0.182000
20180509, 1800.000000, 0.145000
20180509, 1815.000000, 0.139000
20180509, 1830.000000, 0.131000
20180509, 1845.000000, 0.124000
20180509, 1900.000000, 0.224000
20180509, 1915.000000, 0.172000
20180509, 1930.000000, 0.140000
20180509, 1945.000000, 0.223000
20180509, 2000.000000, 0.223000
20180509, 2015.000000, 0.202000
20180509, 2030.000000, 0.197000
20180509, 2030.000000, 0.177000
20180509, 2100.000000, 0.175000
20180509, 2115.000000, 0.170000
20180509, 2130.000000, 0.149000
20180509, 2115.000000, 0.149000
20180509, 2200.000000, 0.167000
20180509, 2215.000000, 0.155000
20180509, 2200.000000, 0.114000
20180509, 2245.000000, 0.132000
20180509, 2300.000000, 0.137000
20180509, 2300.000000, 0.130000
20180509, 2315.000000, 0.111000
20180509, 2345.000000, 0.137000
20180509, 2400.000000, 0.138000
20180510, 15.000000, 0.113000
20180510, 30.000000, 0.131000
20180510, 45.000000, 0.136000
20180510, 30.000000, 0.120000
20180510, 115.000000, 0.121000
20180510, 130.000000, 0.136000
20180510, 145.000000, 0.122000
20180510, 145.000000, 0.120000
20180510, 215.000000, 0.122000
20180510, 215.000000, 0.122000
20180510, 245.000000, 0.121000
20180510, 245.000000, 0.135000
20180510, 315.000000, 0.120000
20180510, 330.000000, 0.122000
20180510, 330.000000, 0.136000
20180510, 400.000000, 0.111000
20180510, 400.000000, 0.130000
20180510, 430.000000, 0.136000
20180510, 445.000000, 0.106000
20180510, 500.000000, 0.138000
20180510, 515.000000, 0.106000
20180510, 515.000000, 0.106000
20180510, 545.000000, 0.492000
20180510, 600.000000, 0.232000
20180510, 615.000000, 0.328000
20180510, 630.000000, 0.232000
20180510, 645.000000, 0.278000
20180510, 700.000000, 0.280000
20180510, 715.000000, 0.263000
20180510, 715.000000, 0.239000
20180510, 745.000000, 0.150000
20180510, 800.000000, 0.150000
20180510, 815.000000, 0.084000
20180510, 830.000000, 0.129000
20180510, 845.000000, 0.146000
20180510, 900.000000, 0.182000
20180510, 915.000000, 0.180000
20180510, 930.000000, 0.182000
20180510, 945.000000, 0.107000
20180510, 1000.000000, 0.107000
20180510, 900.000000, 0.120000
20180510, 1030.000000, 0.080000
20180510, 1045.000000, 0.110000
20180510, 1100.000000, 0.088000
20180510, 1115.000000, 0.104000
20180510, 1130.000000, 0.122000
20180510, 1145.000000, 0.086000
20180510, 1100.000000, 0.118000
20180510, 1200.000000, 0.118000
20180510, 1230.000000, 0.096000
20180510, 1245.000000, 0.096000
20180510, 1300.000000, 0.090000
20180510, 1315.000000, 0.167000
20180510, 1330.000000, 0.152000
20180510, 1345.000000, 0.152000
20180510, 1345.000000, 0.112000
20180510, 1415.000000, 0.117000
20180510, 1430.000000, 0.077000
20180510, 1430.000000, 0.074000
20180510, 1445.000000, 0.095000
20180510, 1515.000000, 0.082000
20180510, 1530.000000, 0.093000
20180510, 1530.000000, 0.093000
20180510, 1545.000000, 0.100000
20180510, 1615.000000, 0.111000
20180510, 1630.000000, 0.100000
20180510, 1645.000000, 0.098000
20180510, 1700.000000, 0.145000
20180510, 1715.000000, 0.146000
20180510, 1715.000000, 0.115000
20180510, 1745.000000, 0.121000
20180510, 1815.000000, 0.139000
20180510, 1800.000000, 0.143000
20180510, 1800.000000, 0.137000
20180510, 1845.000000, 0.123000
20180510, 1900.000000, 0.141000
20180510, 1900.000000, 0.146000
20180510, 1930.000000, 0.120000
20180510, 1945.000000, 0.120000
20180510, 2000.000000, 0.090000
20180510, 2000.000000, 0.118000
20180510, 2030.000000, 0.118000
20180510, 2045.000000, 0.093000
20180510, 2045.000000, 0.108000
20180510, 2045.000000, 0.096000
20180510, 2130.000000, 0.072000
20180510, 2145.000000, 0.072000
20180510, 2145.000000, 0.097000
20180510, 2215.000000, 0.097000
20180510, 2230.000000, 0.082000
20180510, 2245.000000, 0.107000
20180510, 2300.000000, 0.137000
20180510, 2315.000000, 0.107000
20180510, 2330.000000, 0.137000
20180510, 2345.000000, 0.136000
20180510, 2330.000000, 0.136000
20180511, 15.000000, 0.131000
20180511, 15.000000, 0.135000
20180511, 45.000000, 0.114000
20180511, 45.000000, 0.114000
20180511, 115.000000, 0.114000
20180511, 130.000000, 0.118000
20180511, 145.000000, 0.086000
20180511, 145.000000, 0.131000
20180511, 215.000000, 0.131000
20180511, 215.000000, 0.127000
20180511, 230.000000, 0.126000
20180511, 300.000000, 0.091000
20180511, 315.000000, 0.091000
20180511, 330.000000, 0.154000
20180511, 345.000000, 0.122000
20180511, 400.000000, 0.133000
20180511, 415.000000, 0.122000
20180511, 430.000000, 0.111000
20180511, 445.000000, 0.141000
20180511, 500.000000, 0.094000
20180511, 515.000000, 0.067000
20180511, 530.000000, 0.094000
20180511, 545.000000, 0.169000
20180511, 600.000000, 0.153000
20180511, 615.000000, 0.284000
20180511, 630.000000, 0.288000
20180511, 645.000000, 0.262000
20180511, 700.000000, 0.211000
20180511, 715.000000, 0.227000
20180511, 700.000000, 0.163000
20180511, 745.000000, 0.093000
20180511, 800.000000, 0.116000
20180511, 815.000000, 0.111000
20180511, 830.000000, 0.087000
20180511, 845.000000, 0.111000
20180511, 900.000000, 0.177000
20180511, 915.000000, 0.177000
20180511, 930.000000, 0.200000
20180511, 930.000000, 0.200000
20180511, 1000.000000, 0.105000
20180511, 1015.000000, 0.096000
20180511, 1015.000000, 0.078000
20180511, 1030.000000, 0.096000
20180511, 1100.000000, 0.116000
20180511, 1115.000000, 0.108000
20180511, 1130.000000, 0.108000
20180511, 1145.000000, 0.131000
20180511, 1200.000000, 0.097000
20180511, 1215.000000, 0.097000
20180511, 1230.000000, 0.114000
20180511, 1245.000000, 0.080000
20180511, 1245.000000, 0.077000
20180511, 1315.000000, 0.091000
20180511, 1330.000000, 0.121000
20180511, 1345.000000, 0.108000
20180511, 1400.000000, 0.108000
20180511, 1400.000000, 0.120000
20180511, 1415.000000, 0.111000
20180511, 1430.000000, 0.118000
20180511, 1445.000000, 0.073000
20180511, 1430.000000, 0.065000
20180511, 1530.000000, 0.079000
20180511, 1545.000000, 0.086000
20180511, 1545.000000, 0.086000
20180511, 1615.000000, 0.318000
20180511, 1630.000000, 0.106000
20180511, 1645.000000, 0.077000
20180511, 1700.000000, 0.077000
20180511, 1715.000000, 0.127000
20180511, 1730.000000, 0.121000
20180511, 1745.000000, 0.133000
20180511, 1800.000000, 0.133000
20180511, 1815.000000, 0.116000
20180511, 1830.000000, 0.116000
20180511, 1845.000000, 0.116000
20180511, 1900.000000, 0.170000
20180511, 1915.000000, 0.127000
20180511, 1930.000000, 0.127000
20180511, 1945.000000, 0.123000
20180511, 2000.000000, 0.153000
20180511, 2015.000000, 0.145000
20180511, 2030.000000, 0.145000
20180511, 2045.000000, 0.122000
20180511, 2100.000000, 0.122000
20180511, 2115.000000, 0.146000
20180511, 2130.000000, 0.132000
20180511, 2145.000000, 0.112000
20180511, 2200.000000, 0.126000
20180511, 2215.000000, 0.131000
20180511, 2215.000000, 0.116000
20180511, 2245.000000, 0.116000
20180511, 2300.000000, 0.123000
20180511, 2315.000000, 0.113000
20180511, 2330.000000, 0.095000
20180511, 2315.000000, 0.113000
20180511, 2345.000000, 0.123000
20180512, 15.000000, 0.123000
20180512, 30.000000, 0.128000
20180512, 45.000000, 0.122000
20180512, 100.000000, 0.094000
20180512, 100.000000, 0.122000
20180512, 130.000000, 0.092000
20180512, 145.000000, 0.057000
20180512, 200.000000, 0.084000
20180512, 215.000000, 0.085000
20180512, 200.000000, 0.059000
20180512, 245.000000, 0.089000
20180512, 245.000000, 0.079000
20180512, 315.000000, 0.058000
20180512, 330.000000, 0.089000
20180512, 330.000000, 0.078000
20180512, 345.000000, 0.067000
20180512, 415.000000, 0.160000
20180512, 430.000000, 0.114000
20180512, 445.000000, 0.140000
20180512, 500.000000, 0.126000
20180512, 515.000000, 0.099000
20180512, 530.000000, 0.117000
20180512, 545.000000, 0.145000
20180512, 600.000000, 0.132000
20180512, 615.000000, 0.152000
20180512, 600.000000, 0.161000
20180512, 645.000000, 0.165000
20180512, 700.000000, 0.153000
20180512, 730.000000, 0.258000
20180512, 715.000000, 0.222000
20180512, 730.000000, 0.222000
20180512, 715.000000, 0.192000
20180512, 815.000000, 0.208000
20180512, 830.000000, 0.192000
20180512, 845.000000, 0.120000
20180512, 900.000000, 0.082000
20180512, 915.000000, 0.098000
20180512, 930.000000, 0.108000
20180512, 930.000000, 0.088000
20180512, 1000.000000, 0.088000
20180512, 1015.000000, 0.104000
20180512, 1000.000000, 0.097000
20180512, 1045.000000, 0.118000
20180512, 1100.000000, 0.112000
20180512, 1115.000000, 0.112000
20180512, 1130.000000, 0.128000
20180512, 1145.000000, 0.110000
20180512, 1200.000000, 0.121000
20180512, 1215.000000, 0.143000
20180512, 1145.000000, 0.135000
20180512, 1245.000000, 0.135000
20180512, 1245.000000, 0.112000
20180512, 1315.000000, 0.096000
20180512, 1330.000000, 0.096000
20180512, 1345.000000, 0.190000
20180512, 1400.000000, 0.140000
20180512, 1345.000000, 0.131000
20180512, 1430.000000, 0.141000
20180512, 1415.000000, 0.143000
20180512, 1430.000000, 0.135000
20180512, 1515.000000, 0.155000
20180512, 1530.000000, 0.141000
20180512, 1545.000000, 0.132000
20180512, 1600.000000, 0.132000
20180512, 1615.000000, 0.153000
20180512, 1600.000000, 0.545000
20180512, 1630.000000, 0.705000
20180512, 1700.000000, 0.256000
20180512, 1630.000000, 0.256000
20180512, 1715.000000, 0.177000
20180512, 1745.000000, 0.171000
20180512, 1745.000000, 0.211000
20180512, 1815.000000, 0.281000
20180512, 1830.000000, 0.274000
20180512, 1845.000000, 0.270000
20180512, 1900.000000, 0.171000
20180512, 1915.000000, 0.150000
20180512, 1930.000000, 0.109000
20180512, 1930.000000, 0.069000
20180512, 1945.000000, 0.086000
20180512, 2015.000000, 0.086000
20180512, 2030.000000, 0.065000
20180512, 2045.000000, 0.093000
20180512, 2100.000000, 0.132000
20180512, 2015.000000, 0.128000
20180512, 2130.000000, 0.106000
20180512, 2145.000000, 0.132000
20180512, 2200.000000, 0.130000
20180512, 2215.000000, 0.110000
20180512, 2215.000000, 0.118000
20180512, 2245.000000, 0.131000
20180512, 2300.000000, 0.131000
20180512, 2315.000000, 0.111000
20180512, 2300.000000, 0.111000
20180512, 2400.000000, 0.103000
20180512, 2400.000000, 0.126000
20180513, 2345.000000, 0.126000
20180513, 30.000000, 0.131000
20180513, 45.000000, 0.100000
20180513, 45.000000, 0.132000
20180513, 115.000000, 0.130000
20180513, 115.000000, 0.104000
20180513, 145.000000, 0.129000
20180513, 200.000000, 0.129000
20180513, 215.000000, 0.064000
20180513, 230.000000, 0.077000
20180513, 245.000000, 0.078000
20180513, 300.000000, 0.046000
20180513, 315.000000, 0.078000
20180513, 330.000000, 0.078000
20180513, 345.000000, 0.047000
20180513, 400.000000, 0.078000
20180513, 415.000000, 0.075000
20180513, 430.000000, 0.075000
20180513, 445.000000, 0.077000
20180513, 500.000000, 0.077000
20180513, 515.000000, 0.054000
20180513, 530.000000, 0.079000
20180513, 545.000000, 0.067000
20180513, 600.000000, 0.060000
20180513, 615.000000, 0.085000
20180513, 630.000000, 0.082000
20180513, 645.000000, 0.170000
20180513, 700.000000, 0.337000
20180513, 700.000000, 0.214000
20180513, 730.000000, 0.214000
20180513, 730.000000, 0.213000
20180513, 800.000000, 0.213000
20180513, 815.000000, 0.199000
20180513, 830.000000, 0.203000
20180513, 830.000000, 0.136000
20180513, 845.000000, 0.103000
20180513, 915.000000, 0.103000
20180513, 930.000000, 0.187000
20180513, 945.000000, 0.174000
20180513, 945.000000, 0.179000
20180513, 1015.000000, 0.374000
20180513, 1030.000000, 0.374000
20180513, 1045.000000, 0.360000
20180513, 1100.000000, 0.165000
20180513, 1100.000000, 0.165000
20180513, 1130.000000, 0.213000
20180513, 1145.000000, 0.191000
20180513, 1130.000000, 0.194000
20180513, 1215.000000, 0.194000
20180513, 1230.000000, 0.215000
20180513, 1245.000000, 0.215000
20180513, 1300.000000, 0.100000
20180513, 1315.000000, 0.118000
20180513, 1315.000000, 0.135000
20180513, 1345.000000, 0.072000
20180513, 1345.000000, 0.082000
20180513, 1415.000000, 0.093000
20180513, 1400.000000, 0.093000
20180513, 1445.000000, 0.092000
20180513, 1500.000000, 0.176000
20180513, 1515.000000, 0.295000
20180513, 1530.000000, 0.479000
20180513, 1545.000000, 0.363000
20180513, 1545.000000, 0.173000
20180513, 1600.000000, 0.152000
20180513, 1630.000000, 0.174000
20180513, 1645.000000, 0.169000
20180513, 1700.000000, 0.162000
20180513, 1715.000000, 0.166000
20180513, 1700.000000, 0.183000
20180513, 1745.000000, 0.176000
20180513, 1800.000000, 0.135000
20180513, 1800.000000, 0.135000
20180513, 1830.000000, 0.183000
20180513, 1845.000000, 0.181000
20180513, 1900.000000, 0.180000
20180513, 1900.000000, 0.180000
20180513, 1930.000000, 0.162000
20180513, 1945.000000, 0.152000
20180513, 2000.000000, 0.130000
20180513, 2000.000000, 0.175000
20180513, 2030.000000, 0.161000
20180513, 2015.000000, 0.141000
20180513, 2100.000000, 0.099000
20180513, 2115.000000, 0.140000
20180513, 2130.000000, 0.126000
20180513, 2130.000000, 0.120000
20180513, 2200.000000, 0.141000
20180513, 2200.000000, 0.125000
20180513, 2230.000000, 0.123000
20180513, 2245.000000, 0.138000
20180513, 2300.000000, 0.123000
20180513, 2315.000000, 0.129000
20180513, 2330.000000, 0.139000
20180513, 2330.000000, 0.140000
20180513, 2345.000000, 0.108000
20180514, 15.000000, 0.131000
20180514, 30.000000, 0.131000
20180514, 45.000000, 0.139000
20180514, 100.000000, 0.112000
20180514, 115.000000, 0.138000
20180514, 115.000000, 0.138000
20180514, 130.000000, 0.113000
20180514, 145.000000, 0.139000
20180514, 215.000000, 0.109000
20180514, 200.000000, 0.142000
20180514, 245.000000, 0.127000
20180514, 215.000000, 0.122000
20180514, 300.000000, 0.141000
20180514, 330.000000, 0.110000
20180514, 345.000000, 0.138000
20180514, 400.000000, 0.110000
20180514, 415.000000, 0.110000
20180514, 415.000000, 0.138000
20180514, 445.000000, 0.123000
20180514, 445.000000, 0.140000
20180514, 515.000000, 0.113000
20180514, 530.000000, 0.113000
20180514, 545.000000, 0.145000
20180514, 600.000000, 0.482000
20180514, 600.000000, 0.589000
20180514, 630.000000, 0.589000
20180514, 645.000000, 0.254000
20180514, 715.000000, 0.231000
20180514, 715.000000, 0.263000
20180514, 730.000000, 0.245000
20180514, 745.000000, 0.152000
20180514, 745.000000, 0.124000
20180514, 800.000000, 0.147000
20180514, 815.000000, 0.147000
20180514, 830.000000, 0.160000
20180514, 900.000000, 0.160000
20180514, 900.000000, 0.141000
20180514, 930.000000, 0.174000
20180514, 945.000000, 0.122000
20180514, 1000.000000, 0.136000
20180514, 1015.000000, 0.116000
20180514, 1030.000000, 0.135000
20180514, 1045.000000, 0.133000
20180514, 1100.000000, 0.145000
20180514, 1115.000000, 0.187000
20180514, 1130.000000, 0.187000
20180514, 1130.000000, 0.137000
20180514, 1200.000000, 0.167000
20180514, 1215.000000, 0.146000
20180514, 1215.000000, 0.146000
20180514, 1245.000000, 0.105000
20180514, 1230.000000, 0.079000
20180514, 1245.000000, 0.123000
20180514, 1330.000000, 0.112000
20180514, 1345.000000, 0.108000
20180514, 1345.000000, 0.125000
20180514, 1345.000000, 0.099000
20180514, 1430.000000, 0.099000
20180514, 1445.000000, 0.119000
20180514, 1445.000000, 0.095000
20180514, 1500.000000, 0.127000
20180514, 1530.000000, 0.111000
20180514, 1545.000000, 0.072000
20180514, 1600.000000, 0.126000
20180514, 1615.000000, 0.327000
20180514, 1630.000000, 0.137000
20180514, 1645.000000, 0.125000
20180514, 1700.000000, 0.148000
20180514, 1715.000000, 0.109000
20180514, 1730.000000, 0.118000
20180514, 1730.000000, 0.135000
20180514, 1745.000000, 0.138000
20180514, 1800.000000, 0.152000
20180514, 1830.000000, 0.130000
20180514, 1830.000000, 0.164000
20180514, 1845.000000, 0.173000
20180514, 1915.000000, 0.143000
20180514, 1930.000000, 0.143000
20180514, 1945.000000, 0.192000
20180514, 1945.000000, 0.212000
20180514, 2015.000000, 0.183000
20180514, 2030.000000, 0.183000
20180514, 2045.000000, 0.210000
20180514, 2100.000000, 0.212000
20180514, 2115.000000, 0.136000
20180514, 2130.000000, 0.114000
20180514, 2145.000000, 0.115000
20180514, 2200.000000, 0.158000
20180514, 2215.000000, 0.151000
20180514, 2230.000000, 0.131000
20180514, 2245.000000, 0.149000
20180514, 2300.000000, 0.132000
20180514, 2315.000000, 0.119000
20180514, 2315.000000, 0.119000
20180514, 2330.000000, 0.114000
20180514, 2345.000000, 0.114000
20180514, 2345.000000, 0.109000
20180514, 2400.000000, 0.133000
20180514, 45.000000, 0.132000
20180514, 100.000000, 0.107000
20180514, 115.000000, 0.124000
20180514, 130.000000, 0.137000
20180514, 145.000000, 0.110000
20180514, 145.000000, 0.123000
20180514, 200.000000, 0.131000
20180514, 230.000000, 0.131000
20180514, 245.000000, 0.114000
20180514, 245.000000, 0.132000
20180514, 315.000000, 0.124000
20180514, 330.000000, 0.110000
20180514, 345.000000, 0.137000
20180514, 400.000000, 0.116000
20180514, 400.000000, 0.119000
20180514, 430.000000, 0.119000
20180514, 445.000000, 0.120000
20180514, 445.000000, 0.131000
20180514, 515.000000, 0.132000
20180514, 530.000000, 0.124000
20180514, 545.000000, 0.124000
20180514, 600.000000, 0.172000
20180514, 600.000000, 0.172000
20180514, 630.000000, 0.142000
20180514, 645.000000, 0.159000
20180514, 700.000000, 0.160000
20180514, 715.000000, 0.160000
20180514, 730.000000, 0.131000
20180514, 745.000000, 0.155000
20180514, 800.000000, 0.155000
20180514, 815.000000, 0.116000
20180514, 800.000000, 0.093000
20180514, 900.000000, 0.094000
20180514, 915.000000, 0.106000
20180514, 915.000000, 0.087000
20180514, 945.000000, 0.087000
20180514, 1000.000000, 0.101000
20180514, 1015.000000, 0.088000
20180514, 1030.000000, 0.090000
20180514, 1045.000000, 0.116000
20180514, 1100.000000, 0.148000
20180514, 1115.000000, 0.558000
20180514, 1130.000000, 0.651000
20180514, 1145.000000, 0.152000
20180514, 1200.000000, 0.130000
20180514, 1215.000000, 0.108000
20180514, 1215.000000, 0.124000
20180514, 1245.000000, 0.154000
20180514, 1245.000000, 0.121000
20180514, 1315.000000, 0.112000
20180514, 1330.000000, 0.118000
20180514, 1345.000000, 0.115000
20180514, 1345.000000, 0.115000
20180514, 1415.000000, 0.110000
20180514, 1430.000000, 0.148000
20180514, 1430.000000, 0.125000
20180514, 1445.000000, 0.148000
20180514, 1515.000000, 0.138000
20180514, 1530.000000, 0.136000
20180514, 1545.000000, 0.114000
20180514, 1600.000000, 0.098000
20180514, 1600.000000, 0.119000
20180514, 1630.000000, 0.119000
20180514, 1630.000000, 0.116000
20180514, 1700.000000, 0.513000
20180514, 1715.000000, 0.695000
20180514, 1730.000000, 0.565000
20180514, 1800.000000, 0.338000
20180514, 1745.000000, 0.315000
20180514, 1815.000000, 0.145000
20180514, 1800.000000, 0.153000
20180514, 1845.000000, 0.178000
20180514, 1845.000000, 0.489000
20180514, 1915.000000, 0.146000
20180514, 1930.000000, 0.158000
20180514, 1945.000000, 0.184000
20180514, 2000.000000, 0.130000
20180514, 1945.000000, 0.121000
20180514, 2030.000000, 0.166000
20180514, 2030.000000, 0.166000
20180514, 2045.000000, 0.120000
20180514, 2115.000000, 0.116000
20180514, 2130.000000, 0.116000
20180514, 2145.000000, 0.104000
20180514, 2200.000000, 0.105000
20180514, 2200.000000, 0.092000
20180514, 2230.000000, 0.123000
20180514, 2245.000000, 0.123000
20180514, 2245.000000, 0.129000
20180514, 2315.000000, 0.129000
20180514, 2315.000000, 0.126000
20180514, 2345.000000, 0.116000
20180514, 2400.000000, 0.074000
20180515, 15.000000, 0.068000
20180515, 30.000000, 0.068000
20180515, 45.000000, 0.076000
20180515, 100.000000, 0.055000
20180515, 115.000000, 0.085000
20180515, 30.000000, 0.086000
20180515, 145.000000, 0.054000
20180515, 200.000000, 0.054000
20180515, 215.000000, 0.085000
20180515, 230.000000, 0.066000
20180515, 245.000000, 0.061000
20180515, 300.000000, 0.083000
20180515, 315.000000, 0.077000
20180515, 330.000000, 0.052000
20180515, 345.000000, 0.103000
20180515, 400.000000, 0.103000
20180515, 415.000000, 0.102000
20180515, 430.000000, 0.111000
20180515, 445.000000, 0.094000
20180515, 500.000000, 0.065000
20180515, 500.000000, 0.065000
20180515, 515.000000, 0.065000
20180515, 545.000000, 0.275000
20180515, 545.000000, 0.433000
20180515, 615.000000, 0.823000
20180515, 630.000000, 0.144000
20180515, 645.000000, 0.123000
20180515, 700.000000, 0.090000
20180515, 715.000000, 0.117000
20180515, 730.000000, 0.090000
20180515, 730.000000, 0.094000
20180515, 800.000000, 0.099000
20180515, 800.000000, 0.134000
20180515, 815.000000, 0.134000
20180515, 845.000000, 0.108000
20180515, 900.000000, 0.079000
20180515, 900.000000, 0.081000
20180515, 930.000000, 0.099000
20180515, 945.000000, 0.097000
20180515, 1000.000000, 0.082000
20180515, 1015.000000, 0.098000
20180515, 1030.000000, 0.108000
20180515, 1045.000000, 0.096000
20180515, 1100.000000, 0.102000
20180515, 1115.000000, 0.158000
20180515, 1130.000000, 0.115000
20180515, 1145.000000, 0.141000
20180515, 1200.000000, 0.144000
20180515, 1215.000000, 0.144000
20180515, 1230.000000, 0.141000
20180515, 1245.000000, 0.101000
20180515, 1300.000000, 0.101000
20180515, 1315.000000, 0.123000
20180515, 1330.000000, 0.115000
20180515, 1345.000000, 0.115000
20180515, 1400.000000, 0.116000
20180515, 1415.000000, 0.131000
20180515, 1430.000000, 0.128000
20180515, 1445.000000, 0.110000
20180515, 1500.000000, 0.122000
20180515, 1430.000000, 0.142000
20180515, 1515.000000, 0.135000
20180515, 1545.000000, 0.108000
20180515, 1600.000000, 0.108000
20180515, 1545.000000, 0.217000
20180515, 1630.000000, 0.412000
20180515, 1630.000000, 0.399000
20180515, 1700.000000, 0.147000
20180515, 1715.000000, 0.171000
20180515, 1730.000000, 0.123000
20180515, 1745.000000, 0.140000
20180515, 1745.000000, 0.118000
20180515, 1815.000000, 0.121000
20180515, 1830.000000, 0.159000
20180515, 1845.000000, 0.166000
20180515, 1845.000000, 0.150000
20180515, 1915.000000, 0.106000
20180515, 1930.000000, 0.116000
20180515, 1900.000000, 0.121000
20180515, 2000.000000, 0.123000
20180515, 2015.000000, 0.105000
20180515, 2030.000000, 0.083000
20180515, 2045.000000, 0.092000
20180515, 2100.000000, 0.108000
20180515, 2115.000000, 0.100000
20180515, 2115.000000, 0.083000
20180515, 2145.000000, 0.092000
20180515, 2145.000000, 0.103000
20180515, 2215.000000, 0.099000
20180515, 2230.000000, 0.081000
20180515, 2245.000000, 0.089000
20180515, 2300.000000, 0.099000
20180515, 2315.000000, 0.099000
20180515, 2330.000000, 0.079000
20180515, 2345.000000, 0.079000
20180515, 2400.000000, 0.096000
20180516, 15.000000, 0.095000
20180516, 30.000000, 0.077000
20180516, 45.000000, 0.091000
20180516, 100.000000, 0.091000
20180516, 115.000000, 0.096000
20180516, 130.000000, 0.076000
20180516, 130.000000, 0.097000
20180516, 145.000000, 0.093000
20180516, 215.000000, 0.087000
20180516, 230.000000, 0.077000
20180516, 245.000000, 0.096000
20180516, 245.000000, 0.096000
20180516, 315.000000, 0.072000
20180516, 330.000000, 0.080000
20180516, 345.000000, 0.080000
20180516, 400.000000, 0.084000
20180516, 400.000000, 0.066000
20180516, 430.000000, 0.091000
20180516, 445.000000, 0.066000
20180516, 500.000000, 0.071000
20180516, 500.000000, 0.080000
20180516, 515.000000, 0.095000
20180516, 545.000000, 0.080000
20180516, 600.000000, 0.119000
20180516, 615.000000, 0.138000
20180516, 630.000000, 0.138000
20180516, 615.000000, 0.128000
20180516, 700.000000, 0.117000
20180516, 715.000000, 0.105000
20180516, 715.000000, 0.145000
20180516, 730.000000, 0.121000
20180516, 800.000000, 0.111000
20180516, 815.000000, 0.121000
20180516, 830.000000, 0.125000
20180516, 845.000000, 0.125000
20180516, 900.000000, 0.120000
20180516, 915.000000, 0.149000
20180516, 915.000000, 0.111000
20180516, 945.000000, 0.148000
20180516, 1000.000000, 0.177000
20180516, 1000.000000, 0.177000
20180516, 1030.000000, 0.155000
20180516, 1045.000000, 0.146000
20180516, 1100.000000, 0.126000
20180516, 1115.000000, 0.126000
20180516, 1130.000000, 0.126000
20180516, 1130.000000, 0.138000
20180516, 1145.000000, 0.111000
20180516, 1200.000000, 0.109000
20180516, 1230.000000, 0.094000
20180516, 1245.000000, 0.094000
20180516, 1300.000000, 0.097000
20180516, 1300.000000, 0.103000
20180516, 1330.000000, 0.077000
20180516, 1345.000000, 0.092000
20180516, 1400.000000, 0.092000
20180516, 1415.000000, 0.090000
20180516, 1430.000000, 0.090000
20180516, 1445.000000, 0.131000
20180516, 1500.000000, 0.163000
20180516, 1445.000000, 0.127000
20180516, 1530.000000, 0.127000
20180516, 1530.000000, 0.113000
20180516, 1600.000000, 0.150000
20180516, 1615.000000, 0.803000
20180516, 1630.000000, 0.700000
20180516, 1645.000000, 0.700000
20180516, 1700.000000, 0.187000
20180516, 1715.000000, 0.158000
20180516, 1730.000000, 0.165000
20180516, 1745.000000, 0.149000
20180516, 1745.000000, 0.149000
20180516, 1815.000000, 0.185000
20180516, 1830.000000, 0.152000
20180516, 1845.000000, 0.142000
20180516, 1845.000000, 0.143000
20180516, 1915.000000, 0.143000
20180516, 1915.000000, 0.121000
20180516, 1945.000000, 0.105000
20180516, 2000.000000, 0.128000
20180516, 2000.000000, 0.128000
20180516, 2030.000000, 0.114000
20180516, 2045.000000, 0.122000
20180516, 2100.000000, 0.099000
20180516, 2115.000000, 0.094000
20180516, 2130.000000, 0.121000
20180516, 2145.000000, 0.119000
20180516, 2145.000000, 0.090000
20180516, 2215.000000, 0.090000
20180516, 2230.000000, 0.107000
20180516, 2245.000000, 0.094000
20180516, 2300.000000, 0.072000
20180516, 2315.000000, 0.094000
20180516, 2330.000000, 0.107000
20180516, 2345.000000, 0.107000
20180516, 2400.000000, 0.082000
20180517, 15.000000, 0.097000
20180517, 30.000000, 0.090000
20180517, 45.000000, 0.075000
20180517, 115.000000, 0.094000
20180517, 100.000000, 0.094000
20180517, 130.000000, 0.071000
20180517, 145.000000, 0.094000
20180517, 145.000000, 0.093000
20180517, 215.000000, 0.093000
20180517, 230.000000, 0.083000
20180517, 245.000000, 0.095000
20180517, 300.000000, 0.071000
20180517, 315.000000, 0.077000
20180517, 315.000000, 0.097000
20180517, 345.000000, 0.075000
20180517, 400.000000, 0.075000
20180517, 415.000000, 0.095000
20180517, 430.000000, 0.095000
20180517, 445.000000, 0.071000
20180517, 430.000000, 0.093000
20180517, 515.000000, 0.093000
20180517, 530.000000, 0.076000
20180517, 545.000000, 0.132000
20180517, 600.000000, 0.096000
20180517, 615.000000, 0.151000
20180517, 615.000000, 0.089000
20180517, 630.000000, 0.114000
20180517, 645.000000, 0.114000
20180517, 715.000000, 0.104000
20180517, 730.000000, 0.140000
20180517, 745.000000, 0.075000
20180517, 800.000000, 0.118000
20180517, 815.000000, 0.068000
20180517, 830.000000, 0.066000
20180517, 845.000000, 0.086000
20180517, 900.000000, 0.096000
20180517, 915.000000, 0.046000
20180517, 930.000000, 0.059000
20180517, 945.000000, 0.072000
20180517, 945.000000, 0.041000
20180517, 1015.000000, 0.063000
20180517, 1030.000000, 0.087000
20180517, 1045.000000, 0.161000
20180517, 1100.000000, 0.161000
20180517, 1100.000000, 0.196000
20180517, 1130.000000, 0.051000
20180517, 1145.000000, 0.075000
20180517, 1130.000000, 0.066000
20180517, 1215.000000, 0.066000
20180517, 1230.000000, 0.070000
20180517, 1245.000000, 0.058000
20180517, 1300.000000, 0.044000
20180517, 1315.000000, 0.069000
20180517, 1330.000000, 0.052000
20180517, 1345.000000, 0.049000
20180517, 1400.000000, 0.049000
20180517, 1400.000000, 0.048000
20180517, 1430.000000, 0.054000
20180517, 1430.000000, 0.069000
20180517, 1500.000000, 0.044000
20180517, 1515.000000, 0.057000
20180517, 1530.000000, 0.069000
20180517, 1530.000000, 0.040000
20180517, 1600.000000, 0.061000
20180517, 1600.000000, 0.069000
20180517, 1630.000000, 0.035000
20180517, 1645.000000, 0.068000
20180517, 1700.000000, 0.065000
20180517, 1715.000000, 0.037000
20180517, 1730.000000, 0.070000
20180517, 1745.000000, 0.056000
20180517, 1730.000000, 0.056000
20180517, 1815.000000, 0.070000
20180517, 1830.000000, 0.042000
20180517, 1845.000000, 0.059000
20180517, 1900.000000, 0.069000
20180517, 1915.000000, 0.032000
20180517, 1930.000000, 0.032000
20180517, 1945.000000, 0.067000
20180517, 2000.000000, 0.043000
20180517, 2015.000000, 0.067000
20180517, 2030.000000, 0.043000
20180517, 2045.000000, 0.043000
20180517, 2100.000000, 0.067000
20180517, 2115.000000, 0.032000
20180517, 2115.000000, 0.032000
20180517, 2145.000000, 0.054000
20180517, 2200.000000, 0.054000
20180517, 2215.000000, 0.067000
20180517, 2230.000000, 0.039000
20180517, 2245.000000, 0.059000
20180517, 2300.000000, 0.065000
20180517, 2315.000000, 0.034000
20180517, 2315.000000, 0.066000
20180517, 2345.000000, 0.050000
20180517, 2345.000000, 0.048000
20180518, 15.000000, 0.048000
20180518, 30.000000, 0.036000
20180518, 30.000000, 0.063000
20180518, 115.000000, 0.036000
20180518, 100.000000, 0.061000
20180518, 130.000000, 0.066000
20180518, 130.000000, 0.043000
20180518, 200.000000, 0.043000
20180518, 215.000000, 0.054000
20180518, 230.000000, 0.032000
20180518, 245.000000, 0.066000
20180518, 245.000000, 0.047000
20180518, 300.000000, 0.051000
20180518, 330.000000, 0.066000
20180518, 345.000000, 0.032000
20180518, 400.000000, 0.066000
20180518, 415.000000, 0.045000
20180518, 430.000000, 0.053000
20180518, 445.000000, 0.053000
20180518, 500.000000, 0.034000
20180518, 430.000000, 0.066000
20180518, 530.000000, 0.039000
20180518, 545.000000, 0.059000
20180518, 600.000000, 0.039000
20180518, 600.000000, 0.059000
20180518, 630.000000, 0.038000
20180518, 645.000000, 0.032000
20180518, 700.000000, 0.067000
20180518, 715.000000, 0.051000
20180518, 730.000000, 0.047000
20180518, 745.000000, 0.067000
20180518, 745.000000, 0.066000
20180518, 815.000000, 0.067000
20180518, 830.000000, 0.036000
20180518, 830.000000, 0.062000
20180518, 900.000000, 0.062000
20180518, 915.000000, 0.043000
20180518, 930.000000, 0.055000
20180518, 945.000000, 0.066000
20180518, 1000.000000, 0.066000
20180518, 1015.000000, 0.044000
20180518, 1030.000000, 0.053000
20180518, 1045.000000, 0.064000
20180518, 1100.000000, 0.033000
20180518, 1100.000000, 0.066000
20180518, 1115.000000, 0.041000
20180518, 1130.000000, 0.059000
20180518, 1200.000000, 0.059000
20180518, 1215.000000, 0.038000
20180518, 1230.000000, 0.059000
20180518, 1215.000000, 0.034000
20180518, 1300.000000, 0.066000
20180518, 1315.000000, 0.064000
20180518, 1330.000000, 0.042000
20180518, 1345.000000, 0.066000
20180518, 1400.000000, 0.032000
20180518, 1415.000000, 0.067000
20180518, 1430.000000, 0.053000
20180518, 1430.000000, 0.047000
20180518, 1500.000000, 0.047000
20180518, 1500.000000, 0.032000
20180518, 1530.000000, 0.067000
20180518, 1545.000000, 0.067000
20180518, 1600.000000, 0.048000
20180518, 1615.000000, 0.066000
20180518, 1600.000000, 0.066000
20180518, 1630.000000, 0.064000
20180518, 1700.000000, 0.060000
20180518, 1715.000000, 0.039000
20180518, 1730.000000, 0.067000
20180518, 1745.000000, 0.041000
20180518, 1800.000000, 0.059000
20180518, 1815.000000, 0.063000
20180518, 1815.000000, 0.037000
20180518, 1830.000000, 0.037000
20180518, 1845.000000, 0.036000
20180518, 1900.000000, 0.062000
20180518, 1930.000000, 0.056000
20180518, 1945.000000, 0.042000
20180518, 2000.000000, 0.065000
20180518, 2015.000000, 0.032000
20180518, 2030.000000, 0.065000
20180518, 2045.000000, 0.065000
20180518, 2045.000000, 0.045000
20180518, 2115.000000, 0.066000
20180518, 2130.000000, 0.032000
20180518, 2130.000000, 0.046000
20180518, 2145.000000, 0.065000
20180518, 2215.000000, 0.051000
20180518, 2230.000000, 0.065000
20180518, 2245.000000, 0.032000
20180518, 2300.000000, 0.064000
20180518, 2300.000000, 0.035000
20180518, 2330.000000, 0.061000
20180518, 2345.000000, 0.061000
20180518, 2400.000000, 0.043000
20180519, 15.000000, 0.065000
20180519, 30.000000, 0.032000
20180519, 45.000000, 0.064000
20180519, 100.000000, 0.038000
20180519, 115.000000, 0.038000
20180519, 130.000000, 0.054000
20180519, 130.000000, 0.041000
20180519, 145.000000, 0.064000
20180519, 215.000000, 0.064000
20180519, 230.000000, 0.064000
20180519, 245.000000, 0.032000
20180519, 300.000000, 0.063000
20180519, 315.000000, 0.040000
20180519, 330.000000, 0.055000
20180519, 345.000000, 0.053000
20180519, 345.000000, 0.042000
20180519, 415.000000, 0.063000
20180519, 415.000000, 0.031000
20180519, 445.000000, 0.063000
20180519, 500.000000, 0.032000
20180519, 500.000000, 0.064000
20180519, 530.000000, 0.064000
20180519, 545.000000, 0.063000
20180519, 545.000000, 0.041000
20180519, 615.000000, 0.054000
20180519, 630.000000, 0.051000
20180519, 645.000000, 0.051000
20180519, 700.000000, 0.058000
20180519, 715.000000, 0.037000
20180519, 730.000000, 0.064000
20180519, 745.000000, 0.032000
20180519, 800.000000, 0.062000
20180519, 815.000000, 0.031000
20180519, 830.000000, 0.063000
20180519, 845.000000, 0.032000
20180519, 900.000000, 0.062000
20180519, 915.000000, 0.039000
20180519, 930.000000, 0.055000
20180519, 945.000000, 0.053000
20180519, 1000.000000, 0.041000
20180519, 1015.000000, 0.062000
20180519, 1030.000000, 0.062000
20180519, 1030.000000, 0.062000
20180519, 1100.000000, 0.036000
20180519, 1115.000000, 0.057000
20180519, 1115.000000, 0.056000
20180519, 1145.000000, 0.056000
20180519, 1200.000000, 0.062000
20180519, 1145.000000, 0.031000
20180519, 1215.000000, 0.061000
20180519, 1245.000000, 0.054000
20180519, 1300.000000, 0.039000
20180519, 1300.000000, 0.061000
20180519, 1300.000000, 0.037000
20180519, 1345.000000, 0.037000
20180519, 1330.000000, 0.062000
20180519, 1415.000000, 0.032000
20180519, 1430.000000, 0.062000
20180519, 1500.000000, 0.042000
20180519, 1445.000000, 0.053000
20180519, 1515.000000, 0.063000
20180519, 1530.000000, 0.063000
20180519, 1545.000000, 0.055000
20180519, 1545.000000, 0.063000
20180519, 1615.000000, 0.032000
20180519, 1630.000000, 0.064000
20180519, 1645.000000, 0.057000
20180519, 1645.000000, 0.038000
20180519, 1715.000000, 0.064000
20180519, 1730.000000, 0.047000
20180519, 1745.000000, 0.048000
20180519, 1800.000000, 0.063000
20180519, 1815.000000, 0.038000
20180519, 1830.000000, 0.038000
20180519, 1845.000000, 0.063000
20180519, 1900.000000, 0.032000
20180519, 1915.000000, 0.062000
20180519, 1930.000000, 0.057000
20180519, 1945.000000, 0.039000
20180519, 2000.000000, 0.067000
20180519, 2015.000000, 0.235000
20180519, 2015.000000, 0.094000
20180519, 2045.000000, 0.235000
20180519, 2100.000000, 0.176000
20180519, 2100.000000, 0.102000
20180519, 2130.000000, 0.066000
20180519, 2145.000000, 0.109000
20180519, 2200.000000, 0.140000
20180519, 2215.000000, 0.116000
20180519, 2230.000000, 0.121000
20180519, 2230.000000, 0.151000
20180519, 2300.000000, 0.125000
20180519, 2315.000000, 0.082000
20180519, 2330.000000, 0.137000
20180519, 2345.000000, 0.120000
20180519, 2400.000000, 0.111000
20180520, 15.000000, 0.119000
20180520, 15.000000, 0.119000
20180520, 45.000000, 0.109000
20180520, 100.000000, 0.100000
20180520, 115.000000, 0.092000
20180520, 115.000000, 0.112000
20180520, 130.000000, 0.077000
20180520, 200.000000, 0.077000
20180520, 215.000000, 0.111000
20180520, 230.000000, 0.088000
20180520, 300.000000, 0.088000
20180520, 245.000000, 0.109000
20180520, 315.000000, 0.109000
20180520, 245.000000, 0.090000
20180520, 345.000000, 0.112000
20180520, 400.000000, 0.110000
20180520, 415.000000, 0.083000
20180520, 430.000000, 0.083000
20180520, 445.000000, 0.078000
20180520, 500.000000, 0.115000
20180520, 515.000000, 0.085000
20180520, 530.000000, 0.142000
20180520, 545.000000, 0.342000
20180520, 545.000000, 0.309000
20180520, 615.000000, 0.220000
20180520, 630.000000, 0.165000
20180520, 645.000000, 0.186000
20180520, 645.000000, 0.180000
20180520, 715.000000, 0.160000
20180520, 730.000000, 0.210000
20180520, 745.000000, 0.192000
20180520, 800.000000, 0.175000
20180520, 815.000000, 0.149000
20180520, 830.000000, 0.101000
20180520, 845.000000, 0.101000
20180520, 900.000000, 0.202000
20180520, 915.000000, 0.210000
20180520, 930.000000, 0.187000
20180520, 930.000000, 0.184000
20180520, 1000.000000, 0.150000
20180520, 1015.000000, 0.105000
20180520, 1015.000000, 0.105000
20180520, 1045.000000, 0.101000
20180520, 1100.000000, 0.131000
20180520, 1115.000000, 0.114000
20180520, 1130.000000, 0.085000
20180520, 1145.000000, 0.131000
20180520, 1200.000000, 0.111000
20180520, 1215.000000, 0.087000
20180520, 1215.000000, 0.116000
20180520, 1230.000000, 0.095000
20180520, 1300.000000, 0.084000
20180520, 1315.000000, 0.084000
20180520, 1330.000000, 0.110000
20180520, 1345.000000, 0.129000
20180520, 1330.000000, 0.143000
20180520, 1415.000000, 0.069000
20180520, 1430.000000, 0.069000
20180520, 1415.000000, 0.096000
20180520, 1445.000000, 0.092000
20180520, 1515.000000, 0.101000
20180520, 1515.000000, 0.140000
20180520, 1545.000000, 0.120000
20180520, 1600.000000, 0.159000
20180520, 1615.000000, 0.159000
20180520, 1630.000000, 0.164000
20180520, 1700.000000, 0.114000
20180520, 1700.000000, 0.419000
20180520, 1715.000000, 0.419000
20180520, 1715.000000, 0.128000
20180520, 1745.000000, 0.131000
20180520, 1730.000000, 0.094000
20180520, 1815.000000, 0.094000
20180520, 1830.000000, 0.178000
20180520, 1830.000000, 0.122000
20180520, 1900.000000, 0.144000
20180520, 1915.000000, 0.144000
20180520, 1915.000000, 0.117000
20180520, 1945.000000, 0.138000
20180520, 1945.000000, 0.118000
20180520, 2015.000000, 0.098000
20180520, 2030.000000, 0.085000
20180520, 2045.000000, 0.097000
20180520, 2030.000000, 0.097000
20180520, 2115.000000, 0.069000
20180520, 2115.000000, 0.095000
20180520, 2145.000000, 0.101000
20180520, 2200.000000, 0.185000
20180520, 2200.000000, 0.157000
20180520, 2230.000000, 0.102000
20180520, 2300.000000, 0.053000
20180520, 2245.000000, 0.102000
20180520, 2245.000000, 0.131000
20180520, 2330.000000, 0.103000
20180520, 2330.000000, 0.053000
20180520, 2400.000000, 0.076000
20180521, 15.000000, 0.080000
20180521, 30.000000, 0.045000
20180520, 30.000000, 0.076000
20180521, 100.000000, 0.073000
20180521, 115.000000, 0.044000
20180521, 115.000000, 0.077000
20180521, 130.000000, 0.065000
20180521, 200.000000, 0.065000
20180521, 215.000000, 0.076000
20180521, 230.000000, 0.054000
20180521, 245.000000, 0.063000
20180521, 245.000000, 0.063000
20180521, 315.000000, 0.075000
20180521, 330.000000, 0.075000
20180521, 345.000000, 0.064000
20180521, 330.000000, 0.052000
20180521, 415.000000, 0.075000
20180521, 430.000000, 0.046000
20180521, 445.000000, 0.071000
20180521, 445.000000, 0.070000
20180521, 515.000000, 0.048000
20180521, 530.000000, 0.099000
20180521, 545.000000, 0.217000
20180521, 600.000000, 0.099000
20180521, 600.000000, 0.406000
20180521, 630.000000, 0.118000
20180521, 645.000000, 0.118000
20180521, 645.000000, 0.098000
20180521, 715.000000, 0.107000
20180521, 715.000000, 0.107000
20180521, 745.000000, 0.116000
20180521, 800.000000, 0.133000
20180521, 815.000000, 0.087000
20180521, 815.000000, 0.113000
20180521, 830.000000, 0.113000
20180521, 900.000000, 0.149000
20180521, 915.000000, 0.143000
20180521, 930.000000, 0.104000
20180521, 930.000000, 0.104000
20180521, 945.000000, 0.105000
20180521, 1015.000000, 0.120000
20180521, 1030.000000, 0.111000
20180521, 1030.000000, 0.125000
20180521, 1100.000000, 0.111000
20180521, 1115.000000, 0.115000
20180521, 1130.000000, 0.138000
20180521, 1145.000000, 0.134000
20180521, 1200.000000, 0.107000
20180521, 1215.000000, 0.126000
20180521, 1230.000000, 0.126000
20180521, 1245.000000, 0.134000
20180521, 1300.000000, 0.158000
20180521, 1315.000000, 0.177000
20180521, 1330.000000, 0.129000
20180521, 1345.000000, 0.133000
20180521, 1400.000000, 0.110000
20180521, 1400.000000, 0.096000
20180521, 1430.000000, 0.110000
20180521, 1445.000000, 0.110000
20180521, 1500.000000, 0.097000
20180521, 1515.000000, 0.073000
20180521, 1530.000000, 0.151000
20180521, 1545.000000, 0.151000
20180521, 1600.000000, 0.133000
20180521, 1545.000000, 0.151000
20180521, 1600.000000, 0.109000
20180521, 1645.000000, 0.151000
20180521, 1700.000000, 0.104000
20180521, 1715.000000, 0.132000
20180521, 1715.000000, 0.132000
20180521, 1730.000000, 0.118000
20180521, 1745.000000, 0.107000
20180521, 1815.000000, 0.131000
20180521, 1830.000000, 0.129000
20180521, 1845.000000, 0.118000
20180521, 1900.000000, 0.119000
20180521, 1915.000000, 0.161000
20180521, 1830.000000, 0.161000
20180521, 1930.000000, 0.127000
20180521, 2000.000000, 0.120000
20180521, 2015.000000, 0.109000
20180521, 2030.000000, 0.120000
20180521, 2015.000000, 0.165000
20180521, 2045.000000, 0.146000
20180521, 2115.000000, 0.119000
20180521, 2130.000000, 0.119000
20180521, 2145.000000, 0.118000
20180521, 2200.000000, 0.117000
20180521, 2215.000000, 0.086000
20180521, 2230.000000, 0.142000
20180521, 2245.000000, 0.132000
20180521, 2300.000000, 0.094000
20180521, 2315.000000, 0.094000
20180521, 2330.000000, 0.097000
20180521, 2330.000000, 0.099000
20180521, 2345.000000, 0.099000
20180522, 15.000000, 0.088000
20180522, 30.000000, 0.089000
20180522, 45.000000, 0.072000
20180522, 100.000000, 0.089000
20180522, 100.000000, 0.092000
20180522, 130.000000, 0.075000
20180522, 130.000000, 0.070000
20180522, 200.000000, 0.093000
20180522, 215.000000, 0.070000
20180522, 215.000000, 0.060000
20180522, 245.000000, 0.091000
20180522, 300.000000, 0.090000
20180522, 300.000000, 0.060000
20180522, 330.000000, 0.087000
20180522, 345.000000, 0.088000
20180522, 400.000000, 0.060000
20180522, 415.000000, 0.090000
20180522, 415.000000, 0.089000
20180522, 445.000000, 0.056000
20180522, 500.000000, 0.056000
20180522, 515.000000, 0.089000
20180522, 530.000000, 0.186000
20180522, 545.000000, 0.223000
20180522, 600.000000, 0.139000
20180522, 615.000000, 0.140000
20180522, 630.000000, 0.101000
20180522, 630.000000, 0.241000
20180522, 700.000000, 0.135000
20180522, 715.000000, 0.135000
20180522, 730.000000, 0.113000
20180522, 745.000000, 0.128000
20180522, 745.000000, 0.177000
20180522, 800.000000, 0.241000
20180522, 800.000000, 0.177000
20180522, 845.000000, 0.169000
20180522, 900.000000, 0.126000
20180522, 915.000000, 0.159000
20180522, 900.000000, 0.113000
20180522, 945.000000, 0.113000
20180522, 1000.000000, 0.089000
20180522, 1015.000000, 0.109000
20180522, 1030.000000, 0.123000
20180522, 1045.000000, 0.109000
20180522, 1100.000000, 0.124000
20180522, 1115.000000, 0.128000
20180522, 1100.000000, 0.105000
20180522, 1145.000000, 0.127000
20180522, 1200.000000, 0.111000
20180522, 1215.000000, 0.077000
20180522, 1230.000000, 0.081000
20180522, 1245.000000, 0.143000
20180522, 1300.000000, 0.126000
20180522, 1315.000000, 0.126000
20180522, 1330.000000, 0.126000
20180522, 1345.000000, 0.076000
20180522, 1400.000000, 0.081000
20180522, 1330.000000, 0.093000
20180522, 1430.000000, 0.073000
20180522, 1500.000000, 0.087000
20180522, 1500.000000, 0.086000
20180522, 1515.000000, 0.064000
20180522, 1515.000000, 0.082000
20180522, 1445.000000, 0.084000
20180522, 1600.000000, 0.058000
20180522, 1615.000000, 0.124000
20180522, 1630.000000, 0.410000
20180522, 1645.000000, 0.393000
20180522, 1645.000000, 0.110000
20180522, 1700.000000, 0.110000
20180522, 1730.000000, 0.119000
20180522, 1745.000000, 0.090000
20180522, 1800.000000, 0.101000
20180522, 1815.000000, 0.115000
20180522, 1830.000000, 0.103000
20180522, 1830.000000, 0.086000
20180522, 1900.000000, 0.086000
20180522, 1915.000000, 0.107000
20180522, 1930.000000, 0.082000
20180522, 1930.000000, 0.077000
20180522, 2000.000000, 0.099000
20180522, 2015.000000, 0.082000
20180522, 2030.000000, 0.076000
20180522, 2045.000000, 0.107000
20180522, 2100.000000, 0.103000
20180522, 2115.000000, 0.081000
20180522, 2115.000000, 0.199000
20180522, 2145.000000, 0.199000
20180522, 2200.000000, 0.242000
20180522, 2215.000000, 0.173000
20180522, 2230.000000, 0.173000
20180522, 2230.000000, 0.095000
20180522, 2300.000000, 0.079000
20180522, 2315.000000, 0.100000
20180522, 2330.000000, 0.100000
20180522, 2400.000000, 0.076000
20180522, 2345.000000, 0.078000
20180523, 15.000000, 0.100000
20180523, 30.000000, 0.081000
20180523, 45.000000, 0.068000
20180523, 100.000000, 0.094000
20180523, 115.000000, 0.088000
20180523, 130.000000, 0.088000
20180523, 145.000000, 0.083000
20180523, 145.000000, 0.083000
20180523, 215.000000, 0.057000
20180523, 230.000000, 0.078000
20180523, 245.000000, 0.066000
20180523, 300.000000, 0.060000
20180523, 315.000000, 0.060000
20180523, 330.000000, 0.060000
20180523, 345.000000, 0.061000
20180523, 400.000000, 0.080000
20180523, 415.000000, 0.080000
20180523, 430.000000, 0.064000
20180523, 415.000000, 0.080000
20180523, 500.000000, 0.049000
20180523, 515.000000, 0.079000
20180523, 530.000000, 0.159000
20180523, 545.000000, 0.097000
20180523, 600.000000, 0.130000
20180523, 615.000000, 0.117000
20180523, 630.000000, 0.117000
20180523, 645.000000, 0.200000
20180523, 645.000000, 0.278000
20180523, 715.000000, 0.091000
20180523, 730.000000, 0.108000
20180523, 730.000000, 0.096000
20180523, 800.000000, 0.087000
20180523, 815.000000, 0.131000
20180523, 815.000000, 0.145000
20180523, 845.000000, 0.121000
20180523, 900.000000, 0.159000
20180523, 915.000000, 0.124000
20180523, 930.000000, 0.060000
20180523, 945.000000, 0.090000
20180523, 945.000000, 0.065000
20180523, 1015.000000, 0.077000
20180523, 1030.000000, 0.098000
20180523, 1045.000000, 0.098000
20180523, 1100.000000, 0.098000
20180523, 1100.000000, 0.129000
20180523, 1130.000000, 0.083000
20180523, 1130.000000, 0.118000
20180523, 1200.000000, 0.109000
20180523, 1215.000000, 0.084000
20180523, 1200.000000, 0.094000
20180523, 1230.000000, 0.106000
20180523, 1245.000000, 0.110000
20180523, 1315.000000, 0.142000
20180523, 1330.000000, 0.139000
20180523, 1345.000000, 0.105000
20180523, 1400.000000, 0.094000
20180523, 1415.000000, 0.094000
20180523, 1430.000000, 0.094000
20180523, 1445.000000, 0.114000
20180523, 1500.000000, 0.812000
20180523, 1515.000000, 0.114000
20180523, 1515.000000, 0.155000
20180523, 1545.000000, 0.131000
20180523, 1600.000000, 0.131000
20180523, 1615.000000, 0.101000
20180523, 1600.000000, 0.118000
20180523, 1645.000000, 0.120000
20180523, 1700.000000, 0.120000
20180523, 1715.000000, 0.091000
20180523, 1730.000000, 0.095000
20180523, 1745.000000, 0.095000
20180523, 1800.000000, 0.113000
20180523, 1815.000000, 0.080000
20180523, 1815.000000, 0.085000
20180523, 1845.000000, 0.094000
20180523, 1900.000000, 0.079000
20180523, 1915.000000, 0.066000
20180523, 1930.000000, 0.066000
20180523, 1945.000000, 0.111000
20180523, 2000.000000, 0.101000
20180523, 2015.000000, 0.107000
20180523, 2030.000000, 0.106000
20180523, 2045.000000, 0.087000
20180523, 2100.000000, 0.095000
20180523, 2115.000000, 0.110000
20180523, 2130.000000, 0.102000
20180523, 2145.000000, 0.086000
20180523, 2200.000000, 0.110000
20180523, 2215.000000, 0.106000
20180523, 2230.000000, 0.120000
20180523, 2230.000000, 0.120000
20180523, 2300.000000, 0.126000
20180523, 2315.000000, 0.092000
20180523, 2315.000000, 0.110000
20180523, 2400.000000, 0.110000
20180523, 2345.000000, 0.121000
20180524, 15.000000, 0.098000
20180524, 15.000000, 0.110000
20180524, 30.000000, 0.117000
20180524, 100.000000, 0.112000
20180524, 100.000000, 0.120000
20180524, 130.000000, 0.120000
20180524, 130.000000, 0.106000
20180524, 200.000000, 0.097000
20180524, 215.000000, 0.094000
20180524, 215.000000, 0.112000
20180524, 245.000000, 0.119000
20180524, 300.000000, 0.085000
20180524, 315.000000, 0.085000
20180524, 330.000000, 0.145000
20180524, 330.000000, 0.125000
20180524, 400.000000, 0.143000
20180524, 415.000000, 0.135000
20180524, 430.000000, 0.115000
20180524, 445.000000, 0.140000
20180524, 500.000000, 0.140000
20180524, 515.000000, 0.130000
20180524, 530.000000, 0.142000
20180524, 545.000000, 0.111000
20180524, 600.000000, 0.143000
20180524, 615.000000, 0.130000
20180524, 630.000000, 0.130000
20180524, 645.000000, 0.110000
20180524, 700.000000, 0.111000
20180524, 645.000000, 0.092000
20180524, 730.000000, 0.075000
20180524, 745.000000, 0.096000
20180524, 800.000000, 0.128000
20180524, 815.000000, 0.099000
20180524, 830.000000, 0.149000
20180524, 845.000000, 0.184000
20180524, 900.000000, 0.122000
20180524, 915.000000, 0.137000
20180524, 930.000000, 0.148000
20180524, 945.000000, 0.147000
20180524, 1015.000000, 0.150000
20180524, 1015.000000, 0.121000
20180524, 1030.000000, 0.091000
20180524, 1000.000000, 0.091000
20180524, 1100.000000, 0.099000
20180524, 1115.000000, 0.119000
20180524, 1130.000000, 0.118000
20180524, 1145.000000, 0.118000
20180524, 1200.000000, 0.089000
20180524, 1215.000000, 0.103000
20180524, 1230.000000, 0.088000
20180524, 1245.000000, 0.091000
20180524, 1300.000000, 0.126000
20180524, 1315.000000, 0.126000
20180524, 1330.000000, 0.102000
20180524, 1345.000000, 0.064000
20180524, 1400.000000, 0.090000
20180524, 1415.000000, 0.091000
20180524, 1415.000000, 0.074000
20180524, 1430.000000, 0.074000
20180524, 1500.000000, 0.087000
20180524, 1515.000000, 0.100000
20180524, 1530.000000, 0.078000
20180524, 1545.000000, 0.086000
20180524, 1545.000000, 0.101000
20180524, 1545.000000, 0.112000
20180524, 1630.000000, 0.625000
20180524, 1645.000000, 0.636000
20180524, 1630.000000, 0.636000
20180524, 1715.000000, 0.130000
20180524, 1730.000000, 0.130000
20180524, 1730.000000, 0.102000
20180524, 1745.000000, 0.102000
20180524, 1815.000000, 0.118000
20180524, 1830.000000, 0.111000
20180524, 1830.000000, 0.113000
20180524, 1800.000000, 0.122000
20180524, 1915.000000, 0.122000
20180524, 1930.000000, 0.102000
20180524, 1930.000000, 0.153000
20180524, 2000.000000, 0.109000
20180524, 2015.000000, 0.145000
20180524, 2030.000000, 0.117000
20180524, 2045.000000, 0.145000
20180524, 2100.000000, 0.125000
20180524, 2115.000000, 0.125000
20180524, 2130.000000, 0.101000
20180524, 2145.000000, 0.125000
20180524, 2200.000000, 0.125000
20180524, 2215.000000, 0.152000
20180524, 2230.000000, 0.161000
20180524, 2230.000000, 0.165000
20180524, 2245.000000, 0.131000
20180524, 2300.000000, 0.143000
20180524, 2330.000000, 0.143000
20180524, 2345.000000, 0.129000
20180524, 2400.000000, 0.101000
20180525, 15.000000, 0.084000
20180525, 2400.000000, 0.115000
20180525, 30.000000, 0.121000
20180525, 100.000000, 0.117000
20180525, 100.000000, 0.117000
20180525, 115.000000, 0.117000
20180525, 145.000000, 0.117000
20180525, 145.000000, 0.137000
20180525, 215.000000, 0.128000
20180525, 230.000000, 0.112000
20180525, 245.000000, 0.112000
20180525, 300.000000, 0.124000
20180525, 315.000000, 0.116000
20180525, 330.000000, 0.116000
20180525, 345.000000, 0.111000
20180525, 400.000000, 0.124000
20180525, 415.000000, 0.111000
20180525, 430.000000, 0.098000
20180525, 445.000000, 0.081000
20180525, 445.000000, 0.087000
20180525, 515.000000, 0.087000
20180525, 530.000000, 0.090000
20180525, 530.000000, 0.075000
20180525, 600.000000, 0.064000
20180525, 615.000000, 0.109000
20180525, 630.000000, 0.099000
20180525, 645.000000, 0.118000
20180525, 700.000000, 0.118000
20180525, 630.000000, 0.103000
20180525, 730.000000, 0.083000
20180525, 745.000000, 0.117000
20180525, 800.000000, 0.170000
20180525, 815.000000, 0.156000
20180525, 830.000000, 0.139000
20180525, 845.000000, 0.120000
20180525, 900.000000, 0.108000
20180525, 900.000000, 0.108000
20180525, 915.000000, 0.112000
20180525, 945.000000, 0.112000
20180525, 1000.000000, 0.087000
20180525, 1000.000000, 0.105000
20180525, 1030.000000, 0.113000
20180525, 1045.000000, 0.113000
20180525, 1100.000000, 0.104000
20180525, 1115.000000, 0.139000
20180525, 1115.000000, 0.136000
20180525, 1130.000000, 0.136000
20180525, 1200.000000, 0.114000
20180525, 1215.000000, 0.139000
20180525, 1200.000000, 0.139000
20180525, 1245.000000, 0.120000
20180525, 1300.000000, 0.120000
20180525, 1315.000000, 0.110000
20180525, 1330.000000, 0.111000
20180525, 1330.000000, 0.098000
20180525, 1345.000000, 0.082000
20180525, 1400.000000, 0.105000
20180525, 1430.000000, 0.105000
20180525, 1445.000000, 0.110000
20180525, 1500.000000, 0.105000
20180525, 1515.000000, 0.105000
20180525, 1530.000000, 0.108000
20180525, 1545.000000, 0.100000
20180525, 1600.000000, 0.098000
20180525, 1615.000000, 0.597000
20180525, 1630.000000, 0.671000
20180525, 1645.000000, 0.131000
20180525, 1700.000000, 0.108000
20180525, 1715.000000, 0.204000
20180525, 1715.000000, 0.431000
20180525, 1745.000000, 0.285000
20180525, 1800.000000, 0.101000
20180525, 1800.000000, 0.100000
20180525, 1830.000000, 0.129000
20180525, 1845.000000, 0.129000
20180525, 1900.000000, 0.106000
20180525, 1915.000000, 0.113000
20180525, 1915.000000, 0.145000
20180525, 1930.000000, 0.153000
20180525, 1945.000000, 0.119000
20180525, 2015.000000, 0.104000
20180525, 2030.000000, 0.095000
20180525, 2045.000000, 0.096000
20180525, 2100.000000, 0.091000
20180525, 2100.000000, 0.070000
20180525, 2115.000000, 0.082000
20180525, 2145.000000, 0.082000
20180525, 2200.000000, 0.123000
20180525, 2215.000000, 0.090000
20180525, 2230.000000, 0.095000
20180525, 2230.000000, 0.094000
20180525, 2300.000000, 0.081000
20180525, 2315.000000, 0.074000
20180525, 2330.000000, 0.123000
20180525, 2345.000000, 0.081000
20180525, 2345.000000, 0.081000
20180526, 2345.000000, 0.080000
20180526, 15.000000, 0.080000
20180526, 45.000000, 0.059000
20180526, 100.000000, 0.067000
20180526, 115.000000, 0.085000
20180526, 130.000000, 0.068000
20180526, 145.000000, 0.065000
20180526, 200.000000, 0.079000
20180526, 215.000000, 0.068000
20180526, 215.000000, 0.062000
20180526, 200.000000, 0.084000
20180526, 245.000000, 0.071000
20180526, 315.000000, 0.055000
20180526, 330.000000, 0.083000
20180526, 330.000000, 0.071000
20180526, 400.000000, 0.071000
20180526, 415.000000, 0.080000
20180526, 430.000000, 0.080000
20180526, 445.000000, 0.064000
20180526, 500.000000, 0.084000
20180526, 515.000000, 0.064000
20180526, 530.000000, 0.064000
20180526, 545.000000, 0.080000
20180526, 600.000000, 0.054000
20180526, 600.000000, 0.116000
20180526, 615.000000, 0.136000
20180526, 645.000000, 0.121000
20180526, 645.000000, 0.162000
20180526, 715.000000, 0.163000
20180526, 730.000000, 0.169000
20180526, 715.000000, 0.150000
20180526, 800.000000, 0.177000
20180526, 815.000000, 0.151000
20180526, 830.000000, 0.199000
20180526, 845.000000, 0.188000
20180526, 830.000000, 0.126000
20180526, 915.000000, 0.092000
20180526, 930.000000, 0.107000
20180526, 945.000000, 0.163000
20180526, 1000.000000, 0.143000
20180526, 1015.000000, 0.163000
20180526, 1030.000000, 0.155000
20180526, 1015.000000, 0.122000
20180526, 1100.000000, 0.091000
20180526, 1115.000000, 0.126000
20180526, 1130.000000, 0.126000
20180526, 1145.000000, 0.115000
20180526, 1145.000000, 0.111000
20180526, 1215.000000, 0.111000
20180526, 1230.000000, 0.125000
20180526, 1245.000000, 0.125000
20180526, 1245.000000, 0.091000
20180526, 1315.000000, 0.103000
20180526, 1330.000000, 0.108000
20180526, 1345.000000, 0.080000
20180526, 1400.000000, 0.071000
20180526, 1415.000000, 0.084000
20180526, 1430.000000, 0.096000
20180526, 1445.000000, 0.089000
20180526, 1445.000000, 0.106000
20180526, 1515.000000, 0.151000
20180526, 1515.000000, 0.302000
20180526, 1545.000000, 0.123000
20180526, 1545.000000, 0.341000
20180526, 1615.000000, 0.945000
20180526, 1600.000000, 0.794000
20180526, 1630.000000, 0.119000
20180526, 1700.000000, 0.794000
20180526, 1715.000000, 0.104000
20180526, 1730.000000, 0.150000
20180526, 1745.000000, 0.104000
20180526, 1800.000000, 0.106000
20180526, 1815.000000, 0.157000
20180526, 1815.000000, 0.152000
20180526, 1845.000000, 0.139000
20180526, 1900.000000, 0.139000
20180526, 1915.000000, 0.139000
20180526, 1930.000000, 0.135000
20180526, 1945.000000, 0.135000
20180526, 2000.000000, 0.098000
20180526, 2015.000000, 0.114000
20180526, 2015.000000, 0.107000
20180526, 2045.000000, 0.114000
20180526, 2100.000000, 0.085000
20180526, 2115.000000, 0.111000
20180526, 2115.000000, 0.103000
20180526, 2130.000000, 0.085000
20180526, 2200.000000, 0.085000
20180526, 2215.000000, 0.115000
20180526, 2230.000000, 0.110000
20180526, 2245.000000, 0.145000
20180526, 2300.000000, 0.116000
20180526, 2315.000000, 0.098000
20180526, 2330.000000, 0.078000
20180526, 2345.000000, 0.111000
20180526, 2345.000000, 0.122000
20180527, 15.000000, 0.085000
20180527, 30.000000, 0.065000
20180527, 45.000000, 0.092000
20180527, 100.000000, 0.094000
20180527, 115.000000, 0.069000
20180527, 130.000000, 0.075000
20180527, 145.000000, 0.093000
20180527, 200.000000, 0.085000
20180527, 215.000000, 0.061000
20180527, 230.000000, 0.090000
20180527, 245.000000, 0.090000
20180527, 230.000000, 0.065000
20180527, 300.000000, 0.081000
20180527, 315.000000, 0.090000
20180527, 345.000000, 0.071000
20180527, 400.000000, 0.078000
20180527, 415.000000, 0.089000
20180527, 430.000000, 0.073000
20180527, 415.000000, 0.072000
20180527, 500.000000, 0.093000
20180527, 515.000000, 0.093000
20180527, 515.000000, 0.063000
20180527, 545.000000, 0.115000
20180527, 545.000000, 0.159000
20180527, 615.000000, 0.169000
20180527, 630.000000, 0.100000
20180527, 645.000000, 0.121000
20180527, 645.000000, 0.130000
20180527, 730.000000, 0.126000
20180527, 745.000000, 0.151000
20180527, 745.000000, 0.147000
20180527, 815.000000, 0.136000
20180527, 830.000000, 0.117000
20180527, 845.000000, 0.118000
20180527, 900.000000, 0.117000
20180527, 915.000000, 0.154000
20180527, 930.000000, 0.132000
20180527, 945.000000, 0.103000
20180527, 1000.000000, 0.075000
20180527, 1015.000000, 0.111000
20180527, 1015.000000, 0.120000
20180527, 1030.000000, 0.111000
20180527, 1045.000000, 0.122000
20180527, 1115.000000, 0.122000
20180527, 1130.000000, 0.087000
20180527, 1145.000000, 0.150000
20180527, 1130.000000, 0.098000
20180527, 1215.000000, 0.090000
20180527, 1230.000000, 0.115000
20180527, 1300.000000, 0.115000
20180527, 1245.000000, 0.104000
20180527, 1315.000000, 0.106000
20180527, 1330.000000, 0.089000
20180527, 1345.000000, 0.106000
20180527, 1400.000000, 0.111000
20180527, 1415.000000, 0.120000
20180527, 1415.000000, 0.092000
20180527, 1400.000000, 0.117000
20180527, 1445.000000, 0.122000
20180527, 1515.000000, 0.122000
20180527, 1530.000000, 0.102000
20180527, 1545.000000, 0.124000
20180527, 1600.000000, 0.115000
20180527, 1600.000000, 0.115000
20180527, 1630.000000, 0.125000
20180527, 1645.000000, 0.135000
20180527, 1700.000000, 0.135000
20180527, 1715.000000, 0.642000
20180527, 1700.000000, 0.716000
20180527, 1745.000000, 0.206000
20180527, 1800.000000, 0.160000
20180527, 1815.000000, 0.167000
20180527, 1830.000000, 0.177000
20180527, 1845.000000, 0.192000
20180527, 1900.000000, 0.199000
20180527, 1915.000000, 0.228000
20180527, 1915.000000, 0.199000
20180527, 1930.000000, 0.145000
20180527, 2000.000000, 0.145000
20180527, 2015.000000, 0.134000
20180527, 2000.000000, 0.140000
20180527, 2045.000000, 0.183000
20180527, 2100.000000, 0.183000
20180527, 2115.000000, 0.096000
20180527, 2130.000000, 0.108000
20180527, 2200.000000, 0.079000
20180527, 2145.000000, 0.104000
20180527, 2145.000000, 0.087000
20180527, 2230.000000, 0.103000
20180527, 2245.000000, 0.103000
20180527, 2230.000000, 0.074000
20180527, 2315.000000, 0.095000
20180527, 2330.000000, 0.106000
20180527, 2345.000000, 0.085000
20180527, 2345.000000, 0.080000
20180528, 15.000000, 0.100000
20180528, 30.000000, 0.094000
20180528, 45.000000, 0.072000
20180528, 100.000000, 0.094000
20180528, 100.000000, 0.099000
20180528, 130.000000, 0.076000
20180528, 145.000000, 0.085000
20180528, 200.000000, 0.085000
20180528, 215.000000, 0.085000
20180528, 230.000000, 0.076000
20180528, 230.000000, 0.099000
20180528, 300.000000, 0.090000
20180528, 300.000000, 0.097000
20180528, 330.000000, 0.090000
20180528, 345.000000, 0.145000
20180528, 400.000000, 0.112000
20180528, 415.000000, 0.141000
20180528, 415.000000, 0.141000
20180528, 445.000000, 0.117000
20180528, 500.000000, 0.141000
20180528, 515.000000, 0.117000
20180528, 530.000000, 0.085000
20180528, 545.000000, 0.096000
20180528, 600.000000, 0.121000
20180528, 615.000000, 0.133000
20180528, 630.000000, 0.104000
20180528, 630.000000, 0.131000
20180528, 700.000000, 0.121000
20180528, 645.000000, 0.073000
20180528, 730.000000, 0.073000
20180528, 745.000000, 0.141000
20180528, 800.000000, 0.121000
20180528, 815.000000, 0.126000
20180528, 830.000000, 0.122000
20180528, 845.000000, 0.078000
20180528, 900.000000, 0.096000
20180528, 900.000000, 0.139000
20180528, 930.000000, 0.125000
20180528, 945.000000, 0.125000
20180528, 1000.000000, 0.125000
20180528, 1015.000000, 0.124000
20180528, 1030.000000, 0.114000
20180528, 1030.000000, 0.108000
20180528, 1100.000000, 0.117000
20180528, 1045.000000, 0.128000
20180528, 1130.000000, 0.104000
20180528, 1145.000000, 0.127000
20180528, 1200.000000, 0.104000
20180528, 1215.000000, 0.089000
20180528, 1215.000000, 0.098000
20180528, 1245.000000, 0.106000
20180528, 1300.000000, 0.096000
20180528, 1245.000000, 0.076000
20180528, 1315.000000, 0.097000
20180528, 1345.000000, 0.109000
20180528, 1400.000000, 0.109000
20180528, 1415.000000, 0.099000
20180528, 1415.000000, 0.115000
20180528, 1415.000000, 0.126000
20180528, 1445.000000, 0.098000
20180528, 1500.000000, 0.117000
20180528, 1515.000000, 0.122000
20180528, 1545.000000, 0.105000
20180528, 1600.000000, 0.124000
20180528, 1615.000000, 0.152000
20180528, 1630.000000, 0.153000
20180528, 1645.000000, 0.145000
20180528, 1700.000000, 0.155000
20180528, 1715.000000, 0.128000
20180528, 1730.000000, 0.132000
20180528, 1730.000000, 0.132000
20180528, 1800.000000, 0.137000
20180528, 1815.000000, 0.152000
20180528, 1830.000000, 0.130000
20180528, 1845.000000, 0.130000
20180528, 1900.000000, 0.171000
20180528, 1915.000000, 0.171000
20180528, 1930.000000, 0.149000
20180528, 1945.000000, 0.171000
20180528, 2000.000000, 0.125000
20180528, 1945.000000, 0.125000
20180528, 2030.000000, 0.120000
20180528, 2030.000000, 0.087000
20180528, 2100.000000, 0.111000
20180528, 2115.000000, 0.116000
20180528, 2130.000000, 0.100000
20180528, 2130.000000, 0.085000
20180528, 2145.000000, 0.116000
20180528, 2215.000000, 0.142000
20180528, 2230.000000, 0.098000
20180528, 2230.000000, 0.093000
20180528, 2300.000000, 0.105000
20180528, 2300.000000, 0.096000
20180528, 2330.000000, 0.076000
20180528, 2345.000000, 0.086000
20180528, 2400.000000, 0.089000
20180529, 15.000000, 0.070000
20180529, 30.000000, 0.065000
20180529, 45.000000, 0.087000
20180529, 100.000000, 0.087000
20180529, 115.000000, 0.084000
20180529, 130.000000, 0.077000
20180529, 145.000000, 0.085000
20180529, 200.000000, 0.069000
20180529, 215.000000, 0.063000
20180529, 230.000000, 0.063000
20180529, 300.000000, 0.056000
20180529, 245.000000, 0.056000
20180529, 315.000000, 0.056000
20180529, 330.000000, 0.085000
20180529, 345.000000, 0.062000
20180529, 400.000000, 0.069000
20180529, 415.000000, 0.062000
20180529, 415.000000, 0.073000
20180529, 430.000000, 0.084000
20180529, 500.000000, 0.085000
20180529, 515.000000, 0.082000
20180529, 515.000000, 0.058000
20180529, 545.000000, 0.099000
20180529, 600.000000, 0.122000
20180529, 600.000000, 0.116000
20180529, 630.000000, 0.116000
20180529, 615.000000, 0.114000
20180529, 700.000000, 0.109000
20180529, 715.000000, 0.108000
20180529, 715.000000, 0.104000
20180529, 730.000000, 0.101000
20180529, 800.000000, 0.095000
20180529, 815.000000, 0.070000
20180529, 830.000000, 0.099000
20180529, 830.000000, 0.099000
20180529, 900.000000, 0.135000
20180529, 900.000000, 0.108000
20180529, 915.000000, 0.119000
20180529, 945.000000, 0.129000
20180529, 1000.000000, 0.120000
20180529, 1000.000000, 0.111000
20180529, 1030.000000, 0.128000
20180529, 1045.000000, 0.127000
20180529, 1100.000000, 0.104000
20180529, 1115.000000, 0.099000
20180529, 1130.000000, 0.115000
20180529, 1145.000000, 0.106000
20180529, 1200.000000, 0.121000
20180529, 1200.000000, 0.121000
20180529, 1230.000000, 0.117000
20180529, 1230.000000, 0.117000
20180529, 1300.000000, 0.110000
20180529, 1315.000000, 0.103000
20180529, 1330.000000, 0.082000
20180529, 1345.000000, 0.103000
20180529, 1400.000000, 0.121000
20180529, 1415.000000, 0.100000
20180529, 1430.000000, 0.100000
20180529, 1445.000000, 0.103000
20180529, 1445.000000, 0.095000
20180529, 1500.000000, 0.095000
20180529, 1530.000000, 0.084000
20180529, 1545.000000, 0.093000
20180529, 1600.000000, 0.093000
20180529, 1600.000000, 0.105000
20180529, 1615.000000, 0.280000
20180529, 1645.000000, 0.214000
20180529, 1700.000000, 0.120000
20180529, 1700.000000, 0.105000
20180529, 1730.000000, 0.487000
20180529, 1745.000000, 0.651000
20180529, 1800.000000, 0.340000
20180529, 1815.000000, 0.147000
20180529, 1830.000000, 0.112000
20180529, 1845.000000, 0.152000
20180529, 1900.000000, 0.163000
20180529, 1915.000000, 0.150000
20180529, 1930.000000, 0.211000
20180529, 1930.000000, 0.150000
20180529, 2000.000000, 0.153000
20180529, 2015.000000, 0.124000
20180529, 2030.000000, 0.101000
20180529, 2030.000000, 0.109000
20180529, 2100.000000, 0.116000
20180529, 2115.000000, 0.116000
20180529, 2130.000000, 0.096000
20180529, 2145.000000, 0.096000
20180529, 2200.000000, 0.104000
20180529, 2215.000000, 0.110000
20180529, 2230.000000, 0.096000
20180529, 2230.000000, 0.096000
20180529, 2300.000000, 0.114000
20180529, 2315.000000, 0.114000
20180529, 2330.000000, 0.092000
20180529, 2330.000000, 0.077000
20180529, 2400.000000, 0.087000
20180530, 15.000000, 0.093000
20180530, 30.000000, 0.087000
20180530, 30.000000, 0.064000
20180530, 100.000000, 0.064000
20180530, 115.000000, 0.083000
20180530, 100.000000, 0.081000
20180530, 145.000000, 0.061000
20180530, 200.000000, 0.088000
20180530, 215.000000, 0.090000
20180530, 230.000000, 0.090000
20180530, 245.000000, 0.074000
20180530, 245.000000, 0.089000
20180530, 315.000000, 0.089000
20180530, 315.000000, 0.065000
20180530, 330.000000, 0.073000
20180530, 400.000000, 0.089000
20180530, 415.000000, 0.085000
20180530, 430.000000, 0.055000
20180530, 445.000000, 0.085000
20180530, 500.000000, 0.095000
20180530, 515.000000, 0.076000
20180530, 530.000000, 0.076000
20180530, 545.000000, 0.117000
20180530, 600.000000, 0.125000
20180530, 615.000000, 0.100000
20180530, 630.000000, 0.127000
20180530, 645.000000, 0.155000
20180530, 700.000000, 0.138000
20180530, 715.000000, 0.118000
20180530, 730.000000, 0.125000
20180530, 745.000000, 0.125000
20180530, 800.000000, 0.121000
20180530, 815.000000, 0.115000
20180530, 830.000000, 0.115000
20180530, 845.000000, 0.137000
20180530, 830.000000, 0.160000
20180530, 930.000000, 0.113000
20180530, 915.000000, 0.135000
20180530, 915.000000, 0.135000
20180530, 1000.000000, 0.099000
20180530, 1015.000000, 0.099000
20180530, 1030.000000, 0.120000
20180530, 1045.000000, 0.118000
20180530, 1100.000000, 0.115000
20180530, 1100.000000, 0.115000
20180530, 1130.000000, 0.154000
20180530, 1130.000000, 0.155000
20180530, 1200.000000, 0.128000
20180530, 1215.000000, 0.139000
20180530, 1230.000000, 0.122000
20180530, 1245.000000, 0.122000
20180530, 1300.000000, 0.128000
20180530, 1245.000000, 0.106000
20180530, 1330.000000, 0.099000
20180530, 1345.000000, 0.107000
20180530, 1400.000000, 0.124000
20180530, 1415.000000, 0.105000
20180530, 1430.000000, 0.105000
20180530, 1430.000000, 0.181000
20180530, 1500.000000, 0.145000
20180530, 1515.000000, 0.145000
20180530, 1530.000000, 0.590000
20180530, 1545.000000, 0.547000
20180530, 1600.000000, 0.294000
20180530, 1615.000000, 0.101000
20180530, 1630.000000, 0.165000
20180530, 1645.000000, 0.535000
20180530, 1700.000000, 0.494000
20180530, 1700.000000, 0.536000
20180530, 1730.000000, 0.536000
20180530, 1745.000000, 0.496000
20180530, 1800.000000, 0.493000
20180530, 1800.000000, 0.427000
20180530, 1830.000000, 0.490000
20180530, 1845.000000, 0.490000
20180530, 1900.000000, 0.512000
20180530, 1915.000000, 0.506000
20180530, 1930.000000, 0.506000
20180530, 1945.000000, 0.100000
20180530, 2000.000000, 0.117000
20180530, 2015.000000, 0.168000
20180530, 2030.000000, 0.168000
20180530, 2045.000000, 0.093000
20180530, 2100.000000, 0.105000
20180530, 2115.000000, 0.103000
20180530, 2130.000000, 0.081000
20180530, 2130.000000, 0.086000
20180530, 2200.000000, 0.106000
20180530, 2215.000000, 0.106000
20180530, 2230.000000, 0.075000
20180530, 2245.000000, 0.089000
20180530, 2300.000000, 0.075000
20180530, 2315.000000, 0.077000
20180530, 2330.000000, 0.076000
20180530, 2400.000000, 0.084000
20180530, 2345.000000, 0.093000
20180501, 15.000000, 0.028000
